PLN_AREA_N,REGION_N
BEDOK,EAST REGION
BOON LAY,WEST REGION
BUKIT BATOK,WEST REGION
BUKIT MERAH,CENTRAL REGION
BUKIT PANJANG,WEST REGION
BUKIT TIMAH,CENTRAL REGION
CENTRAL WATER CATCHMENT,NORTH REGION
CHANGI,EAST REGION
CHOA CHU KANG,WEST REGION
CLEMENTI,WEST REGION
HOUGANG,NORTH-EAST REGION
JURONG EAST,WEST REGION
JURONG WEST,WEST REGION
PASIR RIS,EAST REGION
PIONEER,WEST REGION
PUNGGOL,NORTH-EAST REGION
QUEENSTOWN,CENTRAL REGION
SELETAR,NORTH-EAST REGION
SEMBAWANG,NORTH REGION
SENGKANG,NORTH-EAST REGION
SERANGOON,NORTH-EAST REGION
KALLANG,CENTRAL REGION
LIM CHU KANG,NORTH REGION
NORTH-EASTERN ISLANDS,NORTH-EAST REGION
NOVENA,CENTRAL REGION
SIMPANG,NORTH REGION
SOUTHERN ISLANDS,CENTRAL REGION
SUNGEI KADUT,NORTH REGION
TOA PAYOH,CENTRAL REGION
TUAS,WEST REGION
WESTERN ISLANDS,WEST REGION
WESTERN WATER CATCHMENT,WEST REGION
WOODLANDS,NORTH REGION
RIVER VALLEY,CENTRAL REGION
ROCHOR,CENTRAL REGION
SINGAPORE RIVER,CENTRAL REGION
STRAITS VIEW,CENTRAL REGION
CHANGI BAY,EAST REGION
MARINE PARADE,CENTRAL REGION
DOWNTOWN CORE,CENTRAL REGION
MARINA EAST,CENTRAL REGION
MARINA SOUTH,CENTRAL REGION
MUSEUM,CENTRAL REGION
NEWTON,CENTRAL REGION
ORCHARD,CENTRAL REGION
OUTRAM,CENTRAL REGION
TAMPINES,EAST REGION
TANGLIN,CENTRAL REGION
TENGAH,WEST REGION
MANDAI,NORTH REGION
BISHAN,CENTRAL REGION
ANG MO KIO,NORTH-EAST REGION
GEYLANG,CENTRAL REGION
PAYA LEBAR,EAST REGION
YISHUN,NORTH REGION
