stop,Description,RoadName,flag,baseline_median,2026-08,pct_change,robust_z,wd_2026-02,wd_2026-06,wd_2026-07,wd_2026-08,services_added,services_removed,od_biggest_changes,near_campus,category,verified_event
04121,SMU,Stamford Rd,surge,1590.9130434782608,2062.95,0.2965218222537835,6.021683755160339,2014.0,1411.0,1591.0,2063.0,,,Orchard 279->385; Kallang 114->158,True,academic term,
16179,Opp Yusof Ishak Hse,Kent Ridge Cres,surge,677.4782608695652,901.1,0.3295930791413015,6.682500445234956,685.0,609.0,677.0,901.0,,,Clementi 461->611; Bukit Timah 59->94,True,academic term,
27261,Hall 4,Nanyang Dr,surge,417.0,563.5,0.350478468899521,7.091408866316615,683.0,321.0,417.0,564.0,,,Jurong West 417->563,True,academic term,
16159,Coll of Design & Engrg,Clementi Rd,surge,297.1666666666667,413.45,0.3899944102850758,7.848064017354532,297.0,237.0,300.0,413.0,,,Queenstown 222->312; Clementi 27->50,True,academic term,
96111,Opp ITE Coll East Adm Blk,Simei Ave,surge,1927.6521739130435,2683.45,0.3918787619197911,7.883606335968079,3279.0,914.0,1928.0,2683.0,,,Tampines 1214->1674; Sengkang 337->473,True,academic term,
96119,ITE Coll East Adm Blk,Simei Ave,surge,1328.8695652173913,1858.3,0.3981070389381111,8.000741614857848,2084.0,574.0,1329.0,1858.0,,,Bedok 754->1078; Tampines 510->690,True,academic term,
17191,NUS High Sch,Clementi Rd,surge,1001.1739130434784,1436.8,0.4346811279826464,8.678234312001662,1214.0,655.0,1001.0,1437.0,,,Clementi 542->749; Queenstown 389->590,True,academic term,
16099,Opp NUS Sports Ctr,AYE,surge,271.38095238095235,392.0,0.4428321678321683,8.826868223088047,337.0,271.0,188.0,392.0,,,Queenstown 88->220; Bukit Merah 70->141,True,academic term,
18309,Blk S17,Lower Kent Ridge Rd,surge,314.5238095238095,454.45,0.4434726833685488,8.838512393243095,310.0,315.0,321.0,454.0,,,Queenstown 321->454,True,academic term,
27221,Sch of CEE,Nanyang Dr,surge,583.5652173913044,868.65,0.4876868724432878,9.630058493019568,746.0,450.0,584.0,869.0,,,Jurong West 573->851; Western Water Catchment 10->18,True,academic term,
16009,Kent Ridge Ter,Clementi Rd,surge,1029.0869565217392,1632.05,0.5853515954752657,11.298216081678513,1379.0,855.0,1029.0,1632.0,,,Clementi 398->691; Queenstown 410->631,True,academic term,
16091,NUS Sports Ctr,AYE,surge,958.6521739130436,1525.3,0.5904720913374408,11.38281738997218,1163.0,918.0,959.0,1525.0,,,Clementi 442->830; Jurong East 243->325,True,academic term,
19059,UTown - RC4,Dover Rd,surge,277.7826086956522,445.5,0.6016063630692448,11.565842673110758,345.0,121.0,278.0,446.0,,,Clementi 248->371; Queenstown 30->74,True,academic term,
27231,Wee Kim Wee Sch of C&I,Nanyang Dr,surge,756.8695652173913,1268.3,0.674826458608226,12.738638475785883,1165.0,660.0,757.0,1268.0,,,Jurong West 749->1250; Western Water Catchment 8->19,True,academic term,
17099,UTown - Cendana,Clementi Rd,surge,398.6521739130435,669.5,0.6777088772845943,12.783751804493054,484.0,316.0,399.0,670.0,,,Queenstown 291->504; Clementi 108->165,True,academic term,
16189,Information Technology,Kent Ridge Cres,surge,933.782608695652,1715.2,0.8359348837209306,15.148228450518358,1457.0,902.0,934.0,1715.0,,,Clementi 519->980; Queenstown 313->514,True,academic term,
27199,Hall 11,Nanyang Ave,surge,382.8695652173913,709.45,0.8507588628383742,15.359213236488808,612.0,306.0,383.0,709.0,,,Jurong West 371->688; Western Water Catchment 12->22,True,academic term,
27061,Sch of ADM,Nanyang Dr,surge,288.69565217391306,560.65,0.9387588173495414,16.577915620688273,567.0,243.0,289.0,561.0,,,Jurong West 272->509; Western Water Catchment 17->51,True,academic term,
16131,Opp Kent Ridge Ter,Clementi Rd,surge,301.0952380952381,613.65,1.0346232660781831,17.844116483514572,501.0,301.0,300.0,614.0,,,Clementi 174->336; Queenstown 46->123,True,academic term,
27311,Hall 2,Lien Ying Chow Dr,surge,148.8695652173913,308.65,1.066129968088192,18.247268579426716,238.0,111.0,149.0,309.0,,,Jurong West 113->226; Western Water Catchment 36->83,True,academic term,
27071,Nanyang Cres Halls,Nanyang Cres,surge,151.1304347826087,316.65,1.0880108602457843,18.523650031061056,247.0,106.0,151.0,317.0,,,Jurong West 125->208; Western Water Catchment 26->109,True,academic term,
27241,SPMS,Nanyang Dr,surge,235.34782608695653,505.85,1.1445088300220747,19.22410580295427,361.0,191.0,235.0,506.0,,,Jurong West 233->498; Western Water Catchment 2->8,True,academic term,
27219,NIE Blk 2,Nanyang Dr,surge,600.3913043478261,1392.3,1.3167943898207055,21.251434815217248,1017.0,497.0,600.0,1392.0,,,Jurong West 488->1187; Western Water Catchment 112->206,True,academic term,
27211,Lee Wee Nam Lib,Nanyang Dr,surge,1673.5652173913045,3885.1,1.3206620797092057,21.29519639248028,3523.0,1285.0,1674.0,3885.0,,,Jurong West 1619->3741; Western Water Catchment 55->144,True,academic term,
16199,Aft Architecture Dr,Kent Ridge Cres,surge,188.91304347826087,445.05,1.3487065018315012,21.610344444924667,328.0,160.0,189.0,445.0,,,Clementi 102->232; Queenstown 48->118,True,academic term,
27251,Academic Bldg Sth,Nanyang Dr,surge,900.304347826087,2268.5,1.5180173661360352,23.436528262648228,2051.0,601.0,900.0,2268.0,,,Jurong West 898->2257; Western Water Catchment 2->12,True,academic term,
16149,SDE3,Clementi Rd,surge,126.78260869565216,337.9,1.6521605988431447,24.798229470744257,278.0,113.0,127.0,338.0,,,Queenstown 65->171; Clementi 48->130,True,academic term,
17149,Blk 426,AYE,surge,776.7826086956521,1002.35,0.2900134160657386,5.889652049667368,842.0,703.0,777.0,1002.0,,,Queenstown 498->693; Clementi 86->123,True,academic term (within 600 m of a campus),
16151,The Japanese Pr Sch,Clementi Rd,surge,1084.0869565217392,1403.15,0.2940437552590463,5.971491159868036,1186.0,905.0,1084.0,1403.0,,,Clementi 694->869; Queenstown 139->234,True,academic term (within 600 m of a campus),
17091,Aft Clementi Ave 1,Clementi Rd,surge,941.6521739130436,1249.75,0.3268414741017481,6.628149362806598,1144.0,564.0,942.0,1250.0,,,Clementi 619->814; Bukit Timah 238->307,True,academic term (within 600 m of a campus),
17121,Blk 610,AYE,surge,1625.608695652174,2184.55,0.3436237036245056,6.957902944465658,1819.0,1289.0,1626.0,2185.0,,,Clementi 735->1018; Jurong East 395->522,True,academic term (within 600 m of a campus),
27539,Bef Xingnan Pr Sch,Jurong West St 91,surge,353.1304347826087,504.05,0.4261694290976057,8.522119745447585,440.0,268.0,353.0,504.0,,,Jurong West 316->443; Jurong East 30->52,True,academic term (within 600 m of a campus),
17139,Aft Clementi Ave 2,AYE,surge,689.5555555555555,1002.9,0.4537570394207567,9.024771305677804,690.0,601.0,765.0,1003.0,,,Queenstown 511->714; Clementi 51->74,True,academic term (within 600 m of a campus),
19051,New Town Sec Sch,Dover Rd,surge,945.8695652173913,1458.35,0.5412365690146015,10.557817200426175,1229.0,504.0,946.0,1458.0,,,Queenstown 747->1157; Bukit Merah 131->190,True,academic term (within 600 m of a campus),
17131,Clementi Flyover,AYE,surge,250.43478260869568,391.55,0.5612398409130199,10.896130939566664,323.0,158.0,250.0,392.0,,,Clementi 94->193; Bukit Batok 47->68,True,academic term (within 600 m of a campus),
27321,Blk 949,Pioneer Rd Nth,surge,312.5652173913044,489.15,0.563151691625069,10.928238672801506,408.0,295.0,313.0,489.0,,,Western Water Catchment 305->484; Jurong West 8->6,True,academic term (within 600 m of a campus),
16069,Heng Mui Keng Terr,Pasir Panjang Rd,surge,762.7391304347826,1370.45,0.7957047705795288,14.566945831929166,1059.0,619.0,763.0,1370.0,,,Queenstown 504->878; Bukit Merah 131->246,True,academic term (within 600 m of a campus),
16061,Opp Heng Mui Keng Terr,Pasir Panjang Rd,surge,573.3478260869565,1198.45,1.0883686601059797,18.528145357939028,865.0,501.0,573.0,1198.0,,,Clementi 410->906; Jurong East 57->114,True,academic term (within 600 m of a campus),
16141,Tentera Diraja Mque,Clementi Rd,surge,199.2173913043478,558.45,1.7942128121606935,26.16709304190105,414.0,180.0,199.0,558.0,,,Clementi 121->350; Queenstown 28->87,True,academic term (within 600 m of a campus),
44151,Opp Bt Batok Fire Stn,Bt Batok Rd,surge,579.8695652173913,754.9,0.3013248502994009,6.118695243874512,763.0,346.0,580.0,755.0,,,Woodlands 156->219; Bukit Panjang 186->245,False,school-term seasonality (June holidays in the baseline),
44159,Bt Batok Fire Stn,Bt Batok Rd,surge,1249.0,1665.95,0.3335600000000007,6.760659409150523,1787.0,598.0,1249.0,1666.0,,,Bukit Batok 565->751; Jurong West 306->422,False,school-term seasonality (June holidays in the baseline),
27401,Opp Blk 821,Jurong West St 81,surge,683.7619047619048,921.25,0.346818497913769,7.020210469954661,971.0,684.0,600.0,921.0,,,Jurong West 600->921; Pioneer 0->0,False,school-term seasonality (June holidays in the baseline),
77219,Opp Blk 626,Pasir Ris Dr 3,surge,573.8260869565217,773.35,0.3471030935632695,7.0257537187875485,696.0,555.0,574.0,773.0,,,Pasir Ris 574->773,False,school-term seasonality (June holidays in the baseline),
46369,Blk 413,Woodlands St 41,surge,835.9565217391304,1198.9,0.4336467532467532,8.659312174424898,1197.0,823.0,836.0,1199.0,,,Woodlands 836->1199,False,school-term seasonality (June holidays in the baseline),
28369,Opp Jurong Lake,Boon Lay Way,surge,274.8095238095238,422.7000000000001,0.5362051104972365,10.472029402755826,466.0,275.0,160.0,423.0,,,Jurong East 133->360; Tengah 10->26,False,school-term seasonality (June holidays in the baseline),
46351,Woodhaven,Woodlands Ave 1,surge,218.0,349.0,0.5981735159817343,11.50954951821165,363.0,210.0,218.0,349.0,,,Woodlands 218->349,False,school-term seasonality (June holidays in the baseline),
81181,Dakota Stn Exit A/Blk 99,Old Airport Rd,surge,2148.7619047619046,2783.3,0.295166685125706,5.9942477075538765,2094.0,2149.0,2600.0,2783.0,,S37,Marine Parade 1306->1397; Geylang 910->963,False,service change (direction unclear),
18331,Kent Ridge Stn Exit A/NUH,Lower Kent Ridge Rd,surge,469.3333333333333,640.85,0.3646704464918492,7.365676326515299,467.0,469.0,506.0,641.0,,S36,Queenstown 506->641,True,service change (direction unclear),
67339,Opp Blk 200B,Sengkang East Ave,surge,294.0,381.8,0.2976271186440674,6.044040313005111,288.0,294.0,357.0,382.0,965,,Hougang 24->34; Sengkang 166->174,False,services added or rerouted here,svc_965 (2026-05-24)
43551,Opp Blk 435A,Bt Batok West Ave 5,surge,250.42857142857144,382.2,0.5240909090909092,10.264320702722806,107.0,250.0,319.0,382.0,684,,Bukit Batok 312->374; Downtown Core 7->8,False,services added or rerouted here,
02051,The Float @ Marina Bay,Raffles Ave,drop,402.3478260869565,16.55,-0.9564891667564944,-83.03325121209478,448.0,337.0,402.0,17.0,,106 111 133 195 195A 36 36A 36B 56 70M 77 857 960e 961M 97 97e,Rochor 60->3; Downtown Core 59->3,False,services withdrawn or rerouted away,float_f1 (2026-08-04)
27439,Blk 861,Jurong West Ave 5,drop,1388.6666666666667,501.65,-0.6382945550491725,-27.47095738292433,1438.0,1389.0,1108.0,502.0,181A,243W 258 258M 502 502A 651,Jurong West 957->365; Orchard 9->0,False,services withdrawn or rerouted away,jw75_reopen (2026-07-19)
27349,Blk 745,Jurong West St 72,drop,1350.904761904762,634.3,-0.530070447340613,-20.60371968247647,1356.0,1351.0,1048.0,634.0,,181 181M,Jurong West 919->496; Jurong East 100->108,False,services withdrawn or rerouted away,jw75_reopen (2026-07-19)
27461,Opp Blk 276B,Jurong West Ave 3,surge,614.7619047619048,913.75,0.4855579614878966,9.592487907366008,573.0,615.0,867.0,914.0,,,Jurong West 862->907; Downtown Core 5->6,False,sustained step up since July,
16109,The Alpha,Science Pk Rd,surge,245.33333333333331,401.15,0.6325439783491198,12.067793234603483,232.0,245.0,387.0,401.0,,,Clementi 358->370; Queenstown 24->25,False,sustained step up since July,
16039,S'pore Science Pk II,Pasir Panjang Rd,surge,636.5238095238095,1303.45,1.0461196593964748,17.99194036208137,535.0,637.0,1266.0,1303.0,,,Queenstown 1035->1058; Orchard 13->17,False,sustained step up since July,
16031,Opp S'pore Science Pk II,Pasir Panjang Rd,surge,206.52380952380952,564.75,1.7261932078935285,25.520537071474173,152.0,207.0,531.0,565.0,,,Clementi 375->401; Queenstown 76->79,False,sustained step up since July,
14121,Opp HarbourFront Int,Telok Blangah Rd,drop,2370.9523809523807,1683.7,-0.2897412218184739,-9.7671929571394,2381.0,2371.0,2198.0,1684.0,,,Bukit Merah 1044->763; Queenstown 766->622,False,unexplained,
17119,Opp Blk 343,Clementi Rd,surge,502.9130434782609,651.7,0.2952631578947371,5.996201839913067,533.0,457.0,503.0,652.0,,,Queenstown 351->499; Clementi 128->124,False,unexplained,
50241,Opp S'pore Khalsa Assn,Balestier Rd,surge,244.3809523809524,318.2,0.3008344653599843,6.108806882869978,192.0,244.0,279.0,318.0,,,Kallang 169->193; Downtown Core 67->78,False,unexplained,
65449,Blk 315B,Sumang Walk,surge,442.22222222222223,580.15,0.3111932815241912,6.316899026205401,442.0,238.0,518.0,580.0,,,Punggol 461->524; Downtown Core 4->3,False,unexplained,
94009,Upp East Coast Ter,Upp East Coast Rd,surge,328.1904761904762,433.95,0.3212715174309271,6.517782928392815,321.0,328.0,398.0,434.0,,,Bedok 283->304; Tampines 18->23,False,unexplained,
75069,Blk 970A,Bedok Reservoir Rd,surge,845.9047619047619,1136.15,0.3427129603598542,6.940113736508811,733.0,846.0,1045.0,1136.0,,,Bedok 818->911; Geylang 134->130,True,unexplained,
40501,Blk 131D,Tengah Gdn Ave,surge,365.6111111111111,491.95,0.3446128201242622,6.977209333605978,366.0,350.0,468.0,492.0,,,Jurong East 381->404; Bukit Batok 17->18,False,unexplained,
53339,Opp Bright Hill Tp,Sin Ming Ave,surge,347.6666666666667,479.75,0.3788240917782025,7.6363768696403325,356.0,348.0,296.0,480.0,,,Bishan 252->409; Ang Mo Kio 44->71,False,unexplained,
27101,Opp Westwood Sec Sch,Jln Bahar,surge,1493.0434782608695,2085.4,0.3964787707708882,7.970169210223578,1737.0,1278.0,1493.0,2085.0,,,Western Water Catchment 541->1022; Choa Chu Kang 840->929,False,unexplained,
18041,Normanton Pk,AYE,surge,412.9130434782609,577.95,0.3987237394957984,8.012311504719118,431.0,362.0,413.0,578.0,,,Queenstown 226->371; Clementi 94->112,False,unexplained,
15221,Aft Sth Buona Vista Rd,Pasir Panjang Rd,surge,673.0,983.55,0.4607566765578629,9.150788940715566,673.0,598.0,811.0,984.0,,,Queenstown 590->716; Clementi 160->207,False,unexplained,
27399,Bet Blks 859/860,Jurong West St 82,surge,754.7777777777778,1333.85,0.7661937665392526,14.13220198319037,755.0,664.0,963.0,1334.0,,,Jurong West 963->1334; Pioneer 0->0,False,unexplained,
22449,Blk 685B,Jurong West St 64,surge,421.22222222222223,813.35,0.9287236842105266,16.441765878642986,421.0,378.0,530.0,813.0,,,Jurong West 498->774; Jurong East 20->27,False,unexplained,
51039,Opp S'pore Polo Club,Thomson Rd,surge,170.08695652173913,362.05,1.1220203303684886,18.9475321202936,296.0,146.0,170.0,362.0,,,Novena 109->232; Orchard 8->20,False,unexplained,
