road,links,km,max_services,mean_am_peak_bph,max_am_peak_bph
Marine Parade Rd,15,5.999999999999997,19,71.56093085482097,89.52386079100074
Yio Chu Kang Rd,14,4.8,17,57.275306232041416,81.26234254672563
Telok Blangah Rd,11,4.4,16,73.0616232658732,87.33025735874033
Bt Timah Rd,11,3.9000000000000012,12,58.26236622350639,60.88305587867881
Upp S'goon Rd,13,3.7,14,54.72231214164696,68.8305353670275
Dunearn Rd,8,3.400000000000001,12,64.03528451159255,67.9844160252402
Yishun Ave 2,8,2.9999999999999973,19,81.35340349517752,94.4232772058859
Ang Mo Kio Ave 3,8,2.900000000000001,13,66.16121614284421,78.13119539556413
Orchard Rd,6,2.8999999999999995,25,76.56167126647003,122.61773853941037
Paya Lebar Rd,8,2.8000000000000007,13,55.558225838488994,70.1579052526421
New Upp Changi Rd,6,2.8000000000000007,15,67.72391261791283,79.12542005045475
Upp Paya Lebar Rd,9,2.6000000000000014,16,65.98762898226262,76.9674290621659
Tampines Ave 2,7,2.5999999999999996,15,60.82392065818022,70.59634225423699
Queensway,6,2.5999999999999996,12,67.78597009848744,73.76566182355656
Upp East Coast Rd,8,2.5000000000000013,11,51.78341007476177,62.069027855282094
Nicoll Highway,2,2.0999999999999988,10,44.65146947995245,44.65146947995245
Woodlands Ave 3,6,2.0999999999999965,17,72.30957638852375,90.23076923076923
Jurong Town Hall Rd,5,1.9999999999999991,13,56.56586658390911,62.78107991458816
Pasir Ris Dr 1,6,1.9000000000000004,12,51.15797841005061,56.80227053906058
Upp Thomson Rd,5,1.8999999999999995,10,52.82269198293966,53.61097663945961
Ang Mo Kio Ave 1,2,1.8000000000000003,12,62.588517531370016,66.13497325079226
Jurong East Ave 1,4,1.7000000000000002,11,59.37324556248704,62.39714929033814
Tampines Ave 1,4,1.6999999999999995,11,61.739431935684415,64.97331791016
Jln Eunos,4,1.6999999999999993,17,98.14412865819399,103.99793481372429
Lentor Ave,2,1.6000000000000005,15,75.08002863864793,78.75134044699261
C'wealth Ave West,4,1.6,18,76.41616749562637,106.26815449996228
Tampines Ave 10,4,1.5000000000000036,12,70.76409065650552,78.7914242620125
Punggol Ctrl,4,1.5000000000000004,12,43.4795441817408,52.28613994889348
Changi Rd,4,1.5,13,68.09800481596147,72.11920174768471
Lor 6 Toa Payoh,4,1.5,18,100.0341933515061,118.62071681256516
Bendemeer Rd,4,1.4999999999999998,13,67.45193405406643,72.86455282208179
Tiong Bahru Rd,4,1.4999999999999996,12,50.928597572018624,56.655644355644355
Jln Bt Merah,4,1.4000000000000008,10,56.08998594770569,58.483053127904384
Nth Bridge Rd,4,1.4000000000000004,12,53.97612146307799,58.309454796411316
Jln Toa Payoh,2,1.4000000000000001,13,66.40618302933044,70.23867676953209
Jurong West Ave 1,4,1.4,11,56.53272832110774,62.39714929033814
Sims Ave,3,1.200000000000001,13,68.52800884776691,73.09458360104244
Alexandra Rd,3,1.1000000000000005,12,56.8245874340406,63.317480104436626
Geylang Rd,3,1.1000000000000003,14,68.3682744689684,73.20583375439786
Bedok Reservoir Rd,4,1.0999999999999999,11,64.24020055564004,69.9935080668423
Jln Besar,3,1.0999999999999996,10,57.47915529528129,57.47915529528129
Thomson Rd,4,1.0000000000000009,13,55.5382842585915,69.00500797044747
Ang Mo Kio Ave 6,3,1.0000000000000004,10,48.26014406390243,52.52107187538104
Nth Buona Vista Rd,2,1.0,11,56.29182962832175,57.166258123802876
Sims Ave East,2,0.9000000000000004,10,66.82338645186942,66.82338645186942
New Bridge Rd,3,0.8000000000000007,16,73.41337368454073,91.07419239799103
Shenton Way,2,0.7999999999999998,33,91.02312415642156,139.20513527099646
Bt Batok East Ave 3,2,0.7999999999999986,13,61.06301103146225,73.71015157658925
Bras Basah Rd,2,0.7000000000000008,28,131.52930838586042,136.22316114435512
S'goon Rd,2,0.7000000000000008,11,64.19588588901301,66.2648514062544
Pasir Ris St 11,2,0.7000000000000006,13,59.342655551923286,63.25999782063855
Eu Tong Sen St,2,0.7,13,54.84451503764216,59.770623412026396
Upp Bt Timah Rd,3,0.6999999999999988,10,55.461248131526766,60.226594355077324
Bayfront Ave,2,0.6999999999999984,17,48.646969143388574,68.92648221343873
Toh Guan Rd,2,0.6000000000000005,13,54.27764722489786,63.451348523599165
Tampines Ave 7,2,0.6000000000000005,20,94.40069750996524,94.63362419426493
East Coast Rd,2,0.6000000000000001,10,50.67261557191329,50.67261557191329
Robinson Rd,2,0.6000000000000001,33,58.37862572210398,105.95725144420797
C'wealth Ave,1,0.5999999999999999,10,64.65363398211696,64.65363398211696
Tengah Blvd,2,0.5999999999999993,12,61.12316426263794,71.08915236809973
Tampines Ave 5,1,0.5000000000000001,10,64.76077070504316,64.76077070504316
Airport Blvd,1,0.5,11,61.711501604690454,61.711501604690454
Orchard Blvd,1,0.5,10,46.78389376740201,46.78389376740201
Yishun Ave 5,1,0.5,10,55.1948051948052,55.1948051948052
Old Airport Rd,1,0.5,10,40.93483709273183,40.93483709273183
Penang Rd,1,0.5,26,112.53612216448167,112.53612216448167
Braddell Rd,2,0.4999999999999992,10,51.71327496118868,54.164112615438775
Jln Jurong Kechil,2,0.4999999999999991,11,56.47836927138198,60.879641411220355
Tg Katong Rd,1,0.40000000000000036,10,41.14403249503068,41.14403249503068
PIE,1,0.40000000000000036,10,49.277666306528786,49.277666306528786
Stamford Rd,1,0.40000000000000013,27,86.72659835495786,86.72659835495786
Central Blvd,1,0.4,28,39.738884644767,39.738884644767
Woodlands Rd,2,0.3999999999999993,11,62.0614049692997,65.0069316648264
Orchard Turn,1,0.3000000000000007,11,48.58245614035088,48.58245614035088
Choa Chu Kang Rd,1,0.3000000000000007,10,60.01827277581753,60.01827277581753
Woodlands Ctr Rd,1,0.30000000000000027,10,79.33386594731132,79.33386594731132
Temasek Ave,1,0.30000000000000004,22,47.554269260151614,47.554269260151614
Sembawang Rd,1,0.2999999999999998,12,64.6948051948052,64.6948051948052
Hougang Ave 10,1,0.2999999999999998,12,65.50572925526485,65.50572925526485
Victoria St,1,0.2999999999999998,13,69.34739565938688,69.34739565938688
S'goon Ctrl,1,0.2999999999999998,13,70.06202356745928,70.06202356745928
Lavender St,1,0.20000000000000107,11,63.417401132840624,63.417401132840624
Marina Blvd,1,0.1999999999999993,27,123.15725144420796,123.15725144420796
Jurong Gateway Rd,1,0.1999999999999993,11,60.13492063492063,60.13492063492063
