PLN_AREA_N,REGION_N,residents,residents_covered,residents_covered_even,area_km2,covered_km2,stops,resident_coverage,resident_coverage_even,residents_outside_400m,stops_per_10k_residents
BUKIT TIMAH,CENTRAL REGION,85910,65448.255977745,63060.036337500154,17.514946278062883,10.926809625462473,112,0.7618234894394715,0.7340244015539537,20461.744022255,13.036899080433011
BISHAN,CENTRAL REGION,87540,81733.79459548746,81857.04683197202,7.608112826049674,6.950633269027692,99,0.9336736874056141,0.9350816407581908,5806.205404512541,11.309115832762167
SERANGOON,NORTH-EAST REGION,116640,112059.70414202698,112240.55181071442,10.10053803589006,9.43473452294293,144,0.9607313455249227,0.9622818227941908,4580.295857973018,12.345679012345679
TANGLIN,CENTRAL REGION,24640,20199.97919984453,19052.321807009805,7.552299546418746,5.7276462558879855,49,0.8198043506430409,0.7732273460637096,4440.020800155471,19.886363636363633
HOUGANG,NORTH-EAST REGION,227230,223480.54066638125,222687.9734603349,13.933042558827955,12.982050800563334,209,0.9834992767961152,0.9800113253546403,3749.4593336187536,9.197729173084541
ANG MO KIO,NORTH-EAST REGION,158730,155122.0100672323,154746.8168748702,13.942584216267612,11.882561028709528,166,0.9772696406932042,0.9749059212176034,3607.9899327676976,10.458010458010458
SOUTHERN ISLANDS,CENTRAL REGION,2680,0.0,449.8849360831629,7.126186370308877,0.8258801014000049,4,0.0,0.16786751346386677,2680.0,14.925373134328359
YISHUN,NORTH REGION,228720,226384.79046096315,214316.6782753594,20.87458211209385,14.06892525385005,180,0.9897900947051554,0.9370264002945059,2335.2095390368486,7.869884575026234
WOODLANDS,NORTH REGION,254440,252456.25487317063,249199.44623199958,13.612515202131306,12.932809061539956,214,0.9922034855886285,0.9794035773934899,1983.7451268293662,8.410627259864802
NOVENA,CENTRAL REGION,53160,51255.979327665074,51250.08878499742,8.96801241949029,7.275057107162979,75,0.9641832078191324,0.9640724000187626,1904.0206723349256,14.108352144469526
TENGAH,WEST REGION,22950,21081.173461786097,19817.60130667098,7.363486181726445,3.579446974311592,38,0.9185696497510282,0.8635120395063607,1868.8265382139034,16.55773420479303
NEWTON,CENTRAL REGION,10110,8254.20836348001,8620.462043109612,2.0687215234131515,1.752330116952396,11,0.8164399963877358,0.8526668687546599,1855.7916365199908,10.880316518298715
CLEMENTI,WEST REGION,104240,102427.30689787146,102303.37793633407,9.521318061837613,8.950939263672282,109,0.9826103885060578,0.9814215074475641,1812.6931021285418,10.45663852647736
QUEENSTOWN,CENTRAL REGION,101490,100033.17819759285,100365.07626302478,21.68397042504413,15.608607427448304,224,0.9856456616178229,0.9889159154894549,1456.8218024071539,22.071140013794462
BUKIT MERAH,CENTRAL REGION,146210,144929.46492992944,145079.26484896438,14.461195328117476,11.713393169331905,176,0.991241809246491,0.9922663624168276,1280.5350700705603,12.03748033650229
BUKIT PANJANG,WEST REGION,136370,135466.14586820634,133347.2846290347,9.019939837464822,6.221291709678203,103,0.9933720456713818,0.9778344550050209,903.8541317936615,7.552980860893158
BEDOK,EAST REGION,274360,273568.63600365276,265650.0131817027,21.733966967250872,20.228218095853077,286,0.9971155999549962,0.9682534377522332,791.3639963472378,10.42426009622394
BUKIT BATOK,WEST REGION,165830,165223.69669520564,160229.44775680776,11.140155589828053,10.143314550528096,167,0.9963438261786507,0.9662271468178723,606.3033047943609,10.070554181993607
SENGKANG,NORTH-EAST REGION,267590,267053.6027711422,263965.6457247795,10.603043524195623,9.197285730793574,163,0.9979954511422034,0.9864555690600527,536.3972288577934,6.091408498075414
WESTERN WATER CATCHMENT,WEST REGION,580,97.61984187882561,97.61984187882561,69.74833571048372,12.293258737366974,75,0.16831007220487174,0.16831007220487174,482.3801581211744,1293.103448275862
DOWNTOWN CORE,CENTRAL REGION,5220,4819.353725524108,4819.353725524108,5.08363695519592,4.765441204718501,78,0.9232478401387181,0.9232478401387181,400.6462744758919,149.42528735632183
MARINE PARADE,CENTRAL REGION,47480,47118.82203503459,46998.741161342376,6.1330743710836115,4.915895120335822,61,0.99239305044302,0.989863967172333,361.1779649654127,12.847514743049706
SEMBAWANG,NORTH REGION,113350,112990.1168471938,112338.91598858443,12.636194082241625,10.926098393362555,145,0.9968250273241623,0.9910799822548251,359.8831528062001,12.792236435818262
SELETAR,NORTH-EAST REGION,290,87.843943361425,87.843943361425,10.848874384588445,3.7537350242690084,27,0.30291014952215517,0.30291014952215517,202.156056638575,931.0344827586207
TOA PAYOH,CENTRAL REGION,142230,142058.29224096565,141651.85098745802,8.180212904505426,8.088140659004054,144,0.9987927458410015,0.9959351120541238,171.70775903435424,10.124446319341912
SUNGEI KADUT,NORTH REGION,720,549.5621454412396,403.10863756423913,17.589075094438275,10.556864149004635,91,0.7632807575572773,0.5598731077281099,170.43785455876036,1263.888888888889
PASIR RIS,EAST REGION,144250,144183.93711020058,142929.0455229074,15.803181471663558,10.847587603444676,169,0.9995420250273871,0.9908426032783875,66.06288979941746,11.715771230502598
ROCHOR,CENTRAL REGION,12790,12724.32600022835,12635.833170074839,1.5884607707251766,1.5744854506776544,30,0.9948652072109734,0.9879462994585487,65.67399977165041,23.455824863174357
GEYLANG,CENTRAL REGION,117640,117597.43673547401,116867.9221206086,9.644797062363837,9.584471450593583,154,0.9996381905429617,0.9934369442418276,42.563264525990235,13.090785447126827
NORTH-EASTERN ISLANDS,NORTH-EAST REGION,40,0.0,0.0,67.25052413226453,0.0,0,0.0,0.0,40.0,0.0
LIM CHU KANG,NORTH REGION,30,7.645135728815899,7.645135728815899,17.495367034473897,4.458481853466808,29,0.25483785762719663,0.25483785762719663,22.354864271184102,9666.666666666666
TUAS,WEST REGION,70,57.215039218976685,57.215039218976685,47.69503510508876,21.79774920416194,181,0.8173577031282383,0.8173577031282383,12.784960781023315,25857.14285714286
JURONG WEST,WEST REGION,253840,253829.76003481858,251125.71983559613,14.680540058079933,13.609616284715878,248,0.9999596597652797,0.9893071219492441,10.239965181419393,9.769933816577371
WESTERN ISLANDS,WEST REGION,10,0.0,0.0,45.81044538851096,0.0,0,0.0,0.0,10.0,0.0
JURONG EAST,WEST REGION,72960,72955.69415093193,69011.20422762357,17.85988634300348,13.602092941239045,147,0.9999409834283434,0.9458772509268581,4.305849068070529,20.148026315789476
BOON LAY,WEST REGION,20,17.41559441472211,17.41559441472211,8.282807709472097,7.492540786020582,67,0.8707797207361055,0.8707797207361055,2.5844055852778887,33500.0
PIONEER,WEST REGION,50,48.14732260411206,48.14732260411206,12.219805459840588,11.620904871798228,130,0.9629464520822413,0.9629464520822413,1.8526773958879375,26000.0
PAYA LEBAR,EAST REGION,20,18.82603454161087,18.82603454161087,11.685292654861723,5.638763336751541,40,0.9413017270805435,0.9413017270805435,1.1739654583891301,20000.0
RIVER VALLEY,CENTRAL REGION,12700,12699.83858044926,12699.81099942025,1.475698081832292,1.475680374266945,14,0.9999872897991543,0.9999851180645866,0.1614195507409022,11.023622047244094
CHOA CHU KANG,WEST REGION,187550,187549.99999999997,185884.32911882614,6.1172940961133095,6.033151378836232,116,0.9999999999999999,0.9911187902896621,2.9103830456733704e-11,6.185017328712343
KALLANG,CENTRAL REGION,101720,101719.99999999999,100773.80166263967,8.584702866062631,8.369911883846397,118,0.9999999999999999,0.9906980108399496,1.4551915228366852e-11,11.600471883602044
SINGAPORE RIVER,CENTRAL REGION,4620,4619.999999999999,4620.0,0.9575811107690636,0.9575811107690636,18,0.9999999999999998,1.0,9.094947017729282e-13,38.96103896103896
MARINA SOUTH,CENTRAL REGION,0,0.0,0.0,1.6303796279217435,1.3045221563708282,6,,,0.0,
CHANGI BAY,EAST REGION,0,0.0,0.0,1.9726077198110954,0.2665288888305365,1,,,0.0,
MANDAI,NORTH REGION,2120,2120.0,2120.0,11.76730813363347,3.501961773326541,15,1.0,1.0,0.0,70.75471698113208
MARINA EAST,CENTRAL REGION,0,0.0,0.0,1.8440417381098564,0.23101794675248663,0,,,0.0,
TAMPINES,EAST REGION,290090,290090.0,288468.20538828697,20.795427827903307,16.705371957882562,276,1.0,0.9944093398196662,0.0,9.514288669033748
PUNGGOL,NORTH-EAST REGION,204160,204160.0,202682.94352523432,9.374277550189095,7.7732189044789,118,1.0,0.9927652014362967,0.0,5.779780564263323
STRAITS VIEW,CENTRAL REGION,0,0.0,0.0,1.1272968661650242,0.7735721172071878,4,,,0.0,
SIMPANG,NORTH REGION,0,0.0,0.0,8.283191222748744,0.6277540535412152,0,,,0.0,
CHANGI,EAST REGION,1960,1960.0,1619.4661514992467,41.471099670849604,12.166148877143666,90,1.0,0.8262582405608402,0.0,459.18367346938777
CENTRAL WATER CATCHMENT,NORTH REGION,0,0.0,0.0,37.15868894585572,4.954827809335162,20,,,0.0,
MUSEUM,CENTRAL REGION,820,820.0000000000001,819.9999999999999,0.8295391047728954,0.829539104772895,19,1.0000000000000002,0.9999999999999999,-1.1368683772161603e-13,231.70731707317074
ORCHARD,CENTRAL REGION,1450,1450.0000000000002,1450.0,0.9575254283398159,0.9575254283398159,18,1.0000000000000002,1.0,-2.2737367544323206e-13,124.13793103448275
OUTRAM,CENTRAL REGION,16940,16940.000000000004,16939.999999999993,1.3731905930960517,1.373190593096051,27,1.0000000000000002,0.9999999999999996,-3.637978807091713e-12,15.938606847697757
