SUBZONE_N,PLN_AREA_N,residents,share_line,share_walk,res_line,res_walk
DEPOT ROAD,BUKIT MERAH,6460,1.0,1.0,6460.0,6460.0
BUKIT MERAH,BUKIT MERAH,1000,1.0,1.0,1000.0,1000.0
CHINATOWN,OUTRAM,9990,1.0,0.9427937447456113,9990.0,9418.509510008656
PHILLIP,DOWNTOWN CORE,0,,,0.0,0.0
RAFFLES PLACE,DOWNTOWN CORE,40,,,0.0,0.0
CHINA SQUARE,OUTRAM,1270,1.0,1.0,1270.0,1270.0
TIONG BAHRU,BUKIT MERAH,12150,1.0,0.986802928635626,12150.0,11989.655582922856
BAYFRONT SUBZONE,DOWNTOWN CORE,0,,,0.0,0.0
TIONG BAHRU STATION,BUKIT MERAH,14410,1.0,0.7969750245317634,14410.0,11484.41010350271
CLIFFORD PIER,DOWNTOWN CORE,0,,,0.0,0.0
MARINA SOUTH,MARINA SOUTH,0,1.0,0.25728743791678815,0.0,0.0
NICOLL,DOWNTOWN CORE,360,,,0.0,0.0
MARINA EAST,MARINA EAST,0,,,0.0,0.0
INSTITUTION HILL,RIVER VALLEY,4190,1.0,0.6005570629796823,4190.0,2516.3340938848687
ROBERTSON QUAY,SINGAPORE RIVER,4360,1.0,0.7822120049030293,4360.0,3410.444341377208
JURONG ISLAND AND BUKOM,WESTERN ISLANDS,10,,,0.0,0.0
FORT CANNING,MUSEUM,220,1.0,1.0,220.0,220.0
PEARL'S HILL,OUTRAM,5380,1.0,0.9048659884827044,5380.0,4868.17901803695
BOAT QUAY,SINGAPORE RIVER,150,,,0.0,0.0
HENDERSON HILL,BUKIT MERAH,11590,1.0,0.8583779395928097,11590.0,9948.600319880665
REDHILL,BUKIT MERAH,10940,1.0,1.0,10940.0,10940.0
ALEXANDRA HILL,BUKIT MERAH,12680,1.0,0.8489527582157781,12680.0,10764.720974176067
BUKIT HO SWEE,BUKIT MERAH,13230,1.0,1.0,13230.0,13230.0
CLARKE QUAY,SINGAPORE RIVER,110,1.0,1.0,110.0,110.0
PASIR PANJANG 1,QUEENSTOWN,4690,1.0,0.8698681832035434,4690.0,4079.681779224619
QUEENSWAY,QUEENSTOWN,260,0.6485567647043212,0.20751765804039685,168.62475882312353,53.95459109050318
MARINA EAST (MP),MARINE PARADE,0,,,0.0,0.0
SUDONG,WESTERN ISLANDS,0,,,0.0,0.0
SEMAKAU,WESTERN ISLANDS,0,,,0.0,0.0
SOUTHERN GROUP,SOUTHERN ISLANDS,0,,,0.0,0.0
SENTOSA,SOUTHERN ISLANDS,2680,0.0,0.0,0.0,0.0
CITY TERMINALS,BUKIT MERAH,20,1.0,1.0,20.0,20.0
ANSON,DOWNTOWN CORE,100,1.0,1.0,100.0,100.0
STRAITS VIEW,STRAITS VIEW,0,,,0.0,0.0
MARITIME SQUARE,BUKIT MERAH,5410,0.898861860341992,0.28801865365859464,4862.842664450177,1558.180916292997
TELOK BLANGAH RISE,BUKIT MERAH,11360,1.0,0.9973427888770345,11360.0,11329.814081643111
TANJONG PAGAR,DOWNTOWN CORE,1060,1.0,1.0,1060.0,1060.0
EVERTON PARK,BUKIT MERAH,7330,1.0,0.9668566084128981,7330.0,7087.058939666543
TELOK BLANGAH WAY,BUKIT MERAH,8190,1.0,1.0,8190.0,8190.0
MAXWELL,DOWNTOWN CORE,0,1.0,1.0,0.0,0.0
CECIL,DOWNTOWN CORE,610,1.0,1.0,610.0,610.0
KAMPONG TIONG BAHRU,BUKIT MERAH,9730,1.0,1.0,9730.0,9730.0
TELOK BLANGAH DRIVE,BUKIT MERAH,18730,1.0,1.0,18730.0,18730.0
PASIR PANJANG 2,QUEENSTOWN,3590,0.9562829324152374,0.48776371844483196,3433.0557273707022,1751.0717492169467
CENTRAL SUBZONE,DOWNTOWN CORE,1510,,,0.0,0.0
SINGAPORE GENERAL HOSPITAL,BUKIT MERAH,0,,,0.0,0.0
BUGIS,DOWNTOWN CORE,1290,1.0,1.0,1290.0,1290.0
VICTORIA,ROCHOR,1700,1.0,1.0,1700.0,1700.0
PATERSON,RIVER VALLEY,350,1.0,0.8915936545104954,350.0,312.0577790786734
EAST COAST,MARINE PARADE,0,,,0.0,0.0
NATIONAL UNIVERSITY OF S'PORE,QUEENSTOWN,300,,,0.0,0.0
ONE TREE HILL,RIVER VALLEY,2390,1.0,0.8864018131513348,2390.0,2118.5003334316903
COMMONWEALTH,QUEENSTOWN,6400,1.0,0.6644598869123582,6400.0,4252.543276239093
DOVER,QUEENSTOWN,11130,1.0,0.7122534249976968,11130.0,7927.380620224366
RIDOUT,TANGLIN,1530,0.6325300659376679,0.19091704305992352,967.7710008846319,292.10307588168297
CAIRNHILL,NEWTON,4790,0.7425221729009649,0.2617235947458025,3556.681208195622,1253.6560188323938
CLEMENTI WEST,CLEMENTI,14580,1.0,0.918234300532612,14580.0,13387.856101765483
MONK'S HILL,NEWTON,1180,0.4960255096485367,0.2337333368486901,585.3101013852734,275.80533748145433
SIGLAP,BEDOK,7420,1.0,0.6826845343115997,7420.0,5065.51924459207
CLEMENTI WOODS,CLEMENTI,19630,1.0,0.8477903342662919,19630.0,16642.12426164731
PIONEER SECTOR,PIONEER,10,,,0.0,0.0
PENJURU CRESCENT,JURONG EAST,10,,,0.0,0.0
ORANGE GROVE,NEWTON,2180,1.0,0.37350042360194524,2180.0,814.2309234522406
KAMPONG BUGIS,KALLANG,1690,1.0,0.8498170593770804,1690.0,1436.190830347266
KENT RIDGE,QUEENSTOWN,2430,0.24498039775903646,0.24498039775903646,595.3023665544586,595.3023665544586
ALEXANDRA NORTH,BUKIT MERAH,2980,1.0,0.7032778421503765,2980.0,2095.767969608122
TANGLIN HALT,QUEENSTOWN,5670,1.0,1.0,5670.0,5670.0
MACKENZIE,ROCHOR,130,1.0,1.0,130.0,130.0
SUNGEI ROAD,ROCHOR,1890,1.0,1.0,1890.0,1890.0
ONE NORTH,QUEENSTOWN,1310,1.0,0.16150437077087926,1310.0,211.5707257098518
TANJONG RHU,KALLANG,11560,1.0,0.7185544134029986,11560.0,8306.489018938664
KATONG,MARINE PARADE,9550,1.0,0.9424618868930634,9550.0,9000.511019828757
BOULEVARD,ORCHARD,550,1.0,1.0,550.0,550.0
ISTANA NEGARA,NEWTON,50,1.0,1.0,50.0,50.0
LITTLE INDIA,ROCHOR,2960,1.0,1.0,2960.0,2960.0
GUL BASIN,PIONEER,0,,,0.0,0.0
MARINA CENTRE,DOWNTOWN CORE,30,,,0.0,0.0
BRAS BASAH,MUSEUM,10,,,0.0,0.0
SOMERSET,ORCHARD,160,1.0,1.0,160.0,160.0
BENCOOLEN,ROCHOR,1310,1.0,1.0,1310.0,1310.0
CHATSWORTH,TANGLIN,7850,0.9260551520410951,0.5825442513409814,7269.532943522597,4572.972373026704
KAMPONG GLAM,ROCHOR,120,,,0.0,0.0
SELEGIE,ROCHOR,40,1.0,1.0,40.0,40.0
MOUNT EMILY,ROCHOR,2140,0.9643763601498012,0.3408298965549683,2063.7654107205744,729.3759786276322
ROCHOR CANAL,ROCHOR,0,1.0,1.0,0.0,0.0
MARGARET DRIVE,QUEENSTOWN,24010,1.0,0.7594074005877837,24010.0,18233.371688112686
OXLEY,RIVER VALLEY,1650,1.0,0.600581657663343,1650.0,990.959735144516
CITY HALL,DOWNTOWN CORE,220,,,0.0,0.0
MEI CHIN,QUEENSTOWN,16400,1.0,0.9405325216785078,16400.0,15424.733355527527
LEONIE HILL,RIVER VALLEY,4120,1.0,0.7912315549569942,4120.0,3259.874006422816
PORT,QUEENSTOWN,120,1.0,0.8925989674019369,120.0,107.11187608823242
DHOBY GHAUT,MUSEUM,590,1.0,1.0,590.0,590.0
MACPHERSON,GEYLANG,26590,1.0,0.7847915759775818,26590.0,20867.6080052439
KIM KEAT,TOA PAYOH,9560,1.0,1.0,9560.0,9560.0
BEDOK NORTH,BEDOK,80340,0.999484111159981,0.6660848784645196,80298.55349059288,53513.2591358395
TOA PAYOH CENTRAL,TOA PAYOH,27410,1.0,0.6957463145111575,27410.0,19070.40648075083
JURONG GATEWAY,JURONG EAST,550,1.0,1.0,550.0,550.0
HOLLAND ROAD,BUKIT TIMAH,11760,0.8090645219704691,0.3803678064993331,9514.598778372716,4473.125404432158
KAMPONG UBI,GEYLANG,13780,1.0,1.0,13780.0,13780.0
SENNETT,TOA PAYOH,17490,1.0,0.8333401399375098,17490.0,14575.119047507045
POTONG PASIR,TOA PAYOH,12840,1.0,0.761605313718347,12840.0,9779.012228143576
TUAS NORTH,TUAS,30,,,0.0,0.0
PEI CHUN,TOA PAYOH,9710,1.0,1.0,9710.0,9710.0
BOON TECK,TOA PAYOH,14640,1.0,1.0,14640.0,14640.0
KIAN TECK,JURONG WEST,40,,,0.0,0.0
SAFTI,JURONG WEST,0,,,0.0,0.0
FARRER PARK,ROCHOR,2500,1.0,1.0,2500.0,2500.0
NEWTON CIRCUS,NEWTON,340,1.0,0.36756399346659635,340.0,124.97175777864275
JURONG PORT,JURONG EAST,0,,,0.0,0.0
ANG MO KIO TOWN CENTRE,ANG MO KIO,4840,1.0,1.0,4840.0,4840.0
KEBUN BAHRU,ANG MO KIO,21640,1.0,0.8679263272592489,21640.0,18781.925721890148
SERANGOON NORTH IND ESTATE,SERANGOON,10,,,0.0,0.0
TENGAH INDUSTRIAL ESTATE,TENGAH,0,,,0.0,0.0
SAMULUN,BOON LAY,10,,,0.0,0.0
SHIPYARD,BOON LAY,0,,,0.0,0.0
GHIM MOH,QUEENSTOWN,13040,1.0,1.0,13040.0,13040.0
LAVENDER,KALLANG,10240,1.0,0.9131675905727089,10240.0,9350.83612746454
FRANKEL,BEDOK,35010,0.9950833426435852,0.8301152214427233,34837.86782595192,29062.333902709743
CLEMENTI NORTH,CLEMENTI,30620,1.0,0.9476324865795586,30620.0,29016.506739066084
LEEDON PARK,BUKIT TIMAH,7450,0.5623733530992929,0.2939404456459353,4189.681480589732,2189.856320062218
GEYLANG EAST,GEYLANG,33000,1.0,0.6645732017003139,33000.0,21930.91565611036
TEBAN GARDENS,JURONG EAST,17100,1.0,0.9968674813859991,17100.0,17046.433931700583
JURONG RIVER,JURONG EAST,10,1.0,1.0,10.0,10.0
GEYLANG BAHRU,KALLANG,10220,1.0,0.6153974796559131,10220.0,6289.362242083432
GOODWOOD PARK,NEWTON,1570,1.0,0.36919241302512856,1570.0,579.6320884494519
PANDAN,CLEMENTI,10,,,0.0,0.0
SINGAPORE POLYTECHNIC,QUEENSTOWN,150,1.0,0.2967929639432126,150.0,44.51894459148189
CLEMENTI CENTRAL,CLEMENTI,14300,1.0,1.0,14300.0,14300.0
KAMPONG JAVA,KALLANG,10340,1.0,0.8851423951103342,10340.0,9152.372365440855
BOON KENG,KALLANG,11990,1.0,0.9933380895508946,11990.0,11910.123693715226
KALLANG BAHRU,KALLANG,20,1.0,0.0,20.0,0.0
ULU PANDAN,BUKIT TIMAH,11290,1.0,0.8059664763805859,11290.0,9099.361518336815
FARRER COURT,BUKIT TIMAH,7660,0.9828252800795526,0.46580894919043286,7528.4416454093725,3568.0965507987157
NASSIM,TANGLIN,10990,0.7613876627198832,0.4102804065423388,8367.650413291516,4508.981667900303
WEST COAST,CLEMENTI,10180,1.0,0.3679786206183092,10180.0,3746.022357894388
BAYSHORE,BEDOK,8170,1.0,0.30395447634251926,8170.0,2483.3080717183825
BENOI SECTOR,PIONEER,0,,,0.0,0.0
GUL CIRCLE,PIONEER,20,,,0.0,0.0
TYERSALL,TANGLIN,4270,0.8481606360405829,0.4200858018644821,3621.645915893289,1793.7663739613386
MOULMEIN,NOVENA,12230,0.9781491954200788,0.7100000499410306,11962.764659987564,8683.300610778804
LIU FANG,BOON LAY,10,,,0.0,0.0
TANGLIN,ORCHARD,740,1.0,1.0,740.0,740.0
MARINE PARADE,MARINE PARADE,27360,1.0,0.9151309859452288,27360.0,25037.98377546146
JOO KOON,PIONEER,20,,,0.0,0.0
KALLANG WAY,GEYLANG,50,,,0.0,0.0
INTERNATIONAL BUSINESS PARK,JURONG EAST,10,,,0.0,0.0
TUKANG,BOON LAY,0,,,0.0,0.0
CORONATION ROAD,BUKIT TIMAH,7490,0.7082468078009589,0.44489733358067685,5304.768590429182,3332.2810285192695
KEMBANGAN,BEDOK,35480,1.0,0.7793348274062544,35480.0,27650.799676373907
DUNEARN,NOVENA,4040,0.7812393992407055,0.28574173377058437,3156.2071729324502,1154.396604433161
SUNSET WAY,CLEMENTI,6380,0.8431060723530563,0.5299412708025837,5379.0167416125,3381.025307720484
ANAK BUKIT,BUKIT TIMAH,24220,0.9461292941047836,0.7499335797669271,22915.25150321786,18163.391301954973
SWISS CLUB,BUKIT TIMAH,6200,0.18183781207387023,0.10069881613128545,1127.3944348579955,624.3326600139698
XILIN,TAMPINES,1710,1.0,0.6700081863669837,1710.0,1145.713998687542
FABER,CLEMENTI,8520,1.0,0.4355086656311716,8520.0,3710.5338311775818
MALCOLM,NOVENA,3410,0.9463556293856743,0.31861085423907853,3227.0726962051494,1086.463012955258
BEDOK SOUTH,BEDOK,48150,0.9989355599091635,0.77796646222615,48098.74720962622,37459.08515618912
DEFU INDUSTRIAL PARK,HOUGANG,10,,,0.0,0.0
CHANGI BAY,CHANGI BAY,0,,,0.0,0.0
PAYA LEBAR EAST,PAYA LEBAR,0,1.0,1.0,0.0,0.0
HONG KAH NORTH,BUKIT BATOK,24590,1.0,0.6806325184962347,24590.0,16736.75362982241
KOVAN,HOUGANG,27640,0.8611915673960746,0.5348258522000454,23803.334922827504,14782.586554809255
CHONG BOON,ANG MO KIO,24820,1.0,0.5056532886329195,24820.0,12550.31462386906
SERANGOON GARDEN,SERANGOON,37340,1.0,0.8671872013010052,37340.0,32380.770096579534
HOUGANG CENTRAL,HOUGANG,4620,1.0,0.8482155488857512,4620.0,3918.7558358521705
LOYANG EAST,PASIR RIS,2060,1.0,0.6774082991517402,2060.0,1395.4610962525846
DAIRY FARM,BUKIT PANJANG,7850,0.9858714229342959,0.5382857405257394,7739.090670034222,4225.543063127055
PASIR RIS DRIVE,PASIR RIS,51000,1.0,0.9195672893330473,51000.0,46897.93175598541
TAMPINES NORTH,TAMPINES,36160,1.0,0.8176332586054096,36160.0,29565.618631171612
CHENG SAN,ANG MO KIO,26450,1.0,1.0,26450.0,26450.0
SEMBAWANG HILLS,ANG MO KIO,6870,1.0,0.6205576522047684,6870.0,4263.231070646759
JELEBU,BUKIT PANJANG,29540,1.0,0.5937523363358214,29540.0,17539.444015360164
KEAT HONG,CHOA CHU KANG,38960,1.0,0.9991843330427287,38960.0,38928.22161534471
BENDEMEER,KALLANG,38070,1.0,0.8300346314283515,38070.0,31599.418418477344
BALESTIER,NOVENA,32800,1.0,0.8632762952890244,32800.0,28315.46248548
TUAS PROMENADE,TUAS,10,,,0.0,0.0
SERANGOON CENTRAL,SERANGOON,22240,1.0,0.8883069861582891,22240.0,19755.94737216035
BISHAN EAST,BISHAN,27270,1.0,1.0,27270.0,27270.0
TAMPINES WEST,TAMPINES,87120,1.0,0.6926275955803769,87120.0,60341.716126962434
BRICKWORKS,BUKIT BATOK,30920,1.0,0.9131880178766929,30920.0,28235.773512747346
SERANGOON NORTH,SERANGOON,14950,1.0,0.8775005019556739,14950.0,13118.632504237325
GUILIN,BUKIT BATOK,12740,1.0,0.8556119206002197,12740.0,10900.4958684468
WENYA,JURONG WEST,8090,1.0,0.993888219508499,8090.0,8040.555695823758
NATURE RESERVE,BUKIT PANJANG,3970,0.8253930166869865,0.1582719958114206,3276.8102762473363,628.3398233713398
TAMPINES EAST,TAMPINES,126910,1.0,0.698421367524903,126910.0,88636.65575258544
LORONG AH SOO,HOUGANG,31330,1.0,0.859745631429496,31330.0,26935.83063268611
FLORA DRIVE,PASIR RIS,16330,1.0,0.889280210194719,16330.0,14521.945832479762
HILLVIEW,BUKIT BATOK,20600,0.9761166261200573,0.7236631122038812,20108.00249807318,14907.460111399954
TOH TUCK,CLEMENTI,20,,,0.0,0.0
MOUNT PLEASANT,NOVENA,680,0.2306090757856394,0.10888270788534445,156.8141715342348,74.04024136203422
HILLCREST,BUKIT TIMAH,9840,0.31883683105615973,0.15927820976929272,3137.3544175926118,1567.2975841298403
JOO SENG,TOA PAYOH,7940,1.0,0.5828802718222209,7940.0,4628.069358268434
CHIN BEE,JURONG WEST,0,,,0.0,0.0
LORONG 8 TOA PAYOH,TOA PAYOH,6620,1.0,0.5026416833486902,6620.0,3327.487943768329
TOH GUAN,JURONG EAST,13510,1.0,0.378199555413335,13510.0,5109.475993634156
SIMEI,TAMPINES,38190,1.0,0.6993009238413699,38190.0,26706.302281501914
BOON LAY PLACE,JURONG WEST,29710,1.0,0.8199800449105277,29710.0,24361.60713429178
BUKIT BATOK EAST,BUKIT BATOK,11780,1.0,0.7802288461115835,11780.0,9191.095807194453
BUKIT BATOK WEST,BUKIT BATOK,14160,1.0,1.0,14160.0,14160.0
BUKIT BATOK CENTRAL,BUKIT BATOK,27030,1.0,1.0,27030.0,27030.0
UPPER PAYA LEBAR,SERANGOON,18340,1.0,0.9194034983352484,18340.0,16861.860159468455
TAI SENG,HOUGANG,13990,0.9989070508644654,0.8468038490043115,13974.70964159387,11846.785847570318
TENGEH,TUAS,0,,,0.0,0.0
YUHUA WEST,JURONG EAST,18170,1.0,0.8381682152868066,18170.0,15229.516471761277
BRADDELL,TOA PAYOH,9400,1.0,0.7043722286211057,9400.0,6621.098949038394
BIDADARI,TOA PAYOH,9120,1.0,0.8473175992733973,9120.0,7727.536505373384
WOODLEIGH,TOA PAYOH,3460,1.0,0.38943218532260293,3460.0,1347.435361216206
TAMAN JURONG,JURONG WEST,38570,1.0,0.7994253319629588,38570.0,30833.835053811323
LAKESIDE (LEISURE),JURONG EAST,550,1.0,0.484312956529792,550.0,266.3721260913856
TOA PAYOH WEST,TOA PAYOH,14040,1.0,0.7558183267982884,14040.0,10611.68930824797
KAKI BUKIT,BEDOK,34880,1.0,0.5573140835121476,34880.0,19439.11523290371
YUHUA EAST,JURONG EAST,23050,1.0,0.8576656859038437,23050.0,19769.1940600836
BUKIT BATOK SOUTH,BUKIT BATOK,14300,1.0,1.0,14300.0,14300.0
JURONG WEST CENTRAL,JURONG WEST,60840,1.0,0.9990408576355903,60840.0,60781.64577854931
BEDOK RESERVOIR,BEDOK,24910,1.0,0.7478878018005908,24910.0,18629.885142852716
LOWER SELETAR,YISHUN,18990,1.0,0.8156815533288221,18990.0,15489.79269771433
NORTHSHORE,PUNGGOL,24710,1.0,0.6344414851017292,24710.0,15677.049096863728
MANDAI ESTATE,MANDAI,2120,1.0,0.8034763902471059,2120.0,1703.3699473238646
YISHUN CENTRAL,YISHUN,2830,1.0,1.0,2830.0,2830.0
PASIR RIS CENTRAL,PASIR RIS,31630,1.0,0.6620110548435169,31630.0,20939.409664700437
GOMBAK,BUKIT BATOK,9710,0.997152779798867,0.7454275120245704,9682.353491846998,7238.101141758578
PAYA LEBAR NORTH,PAYA LEBAR,20,,,0.0,0.0
HOUGANG EAST,HOUGANG,23420,1.0,0.6795189808905407,23420.0,15914.334532456463
LORONG HALUS,HOUGANG,0,,,0.0,0.0
KANGKAR,HOUGANG,34960,1.0,0.8313320649714612,34960.0,29063.368991402283
CHANGI WEST,CHANGI,1420,1.0,0.9771142371124455,1420.0,1387.5022166996725
HOLLAND DRIVE,QUEENSTOWN,11990,1.0,0.9954038643352432,11990.0,11934.892333379566
HOUGANG WEST,HOUGANG,42820,1.0,0.9975271990437038,42820.0,42714.1146630514
PAYA LEBAR WEST,PAYA LEBAR,0,,,0.0,0.0
BANGKIT,BUKIT PANJANG,20740,1.0,0.4278333995459135,20740.0,8873.264706582246
LORONG HALUS NORTH,SENGKANG,0,,,0.0,0.0
PENG SIANG,CHOA CHU KANG,33220,1.0,1.0,33220.0,33220.0
PASIR RIS WEST,PASIR RIS,34810,1.0,0.6918225741100437,34810.0,24082.34380477062
YIO CHU KANG WEST,ANG MO KIO,24090,1.0,0.9404058437911356,24090.0,22654.376776928457
CHANGI POINT,CHANGI,540,1.0,0.9540087867529171,540.0,515.1647448465752
SENGKANG TOWN CENTRE,SENGKANG,59770,1.0,0.7593721800193317,59770.0,45387.67519975545
ANCHORVALE,SENGKANG,52390,1.0,0.9462091066899551,52390.0,49571.89509948675
SENGKANG WEST,SENGKANG,0,,,0.0,0.0
FERNVALE,SENGKANG,71200,1.0,0.779965414665881,71200.0,55533.537524210726
PUNGGOL FIELD,PUNGGOL,48290,1.0,0.8094267799848016,48290.0,39087.21920546607
YEW TEE,CHOA CHU KANG,39100,1.0,0.9948342552746096,39100.0,38898.01938123723
PASIR RIS WAFER FAB PARK,PASIR RIS,0,,,0.0,0.0
TRAFALGAR,HOUGANG,48440,1.0,0.8707634288403736,48440.0,42179.7804930277
TECK WHYE,CHOA CHU KANG,24170,1.0,0.7075398532592797,24170.0,17101.23825327679
CHOA CHU KANG CENTRAL,CHOA CHU KANG,21690,1.0,1.0,21690.0,21690.0
FAJAR,BUKIT PANJANG,25950,1.0,0.9860977410415512,25950.0,25589.236380028255
SENJA,BUKIT PANJANG,23670,1.0,1.0,23670.0,23670.0
SAUJANA,BUKIT PANJANG,24650,1.0,0.8866370497445645,24650.0,21855.603276203514
SELETAR HILLS,SERANGOON,15290,0.7364223697469583,0.3160582255119061,11259.898033430993,4832.530268077045
COMPASSVALE,SENGKANG,21760,1.0,0.7274720120674636,21760.0,15829.790982588007
YIO CHU KANG EAST,ANG MO KIO,4340,0.9445642614084613,0.10365866212514184,4099.408894512722,449.8785936231156
YIO CHU KANG,ANG MO KIO,390,1.0,1.0,390.0,390.0
LOYANG WEST,PASIR RIS,540,,,0.0,0.0
TAGORE,ANG MO KIO,7940,0.4741903611316288,0.24081517448527232,3765.071467385133,1912.0724854130622
PASIR RIS PARK,PASIR RIS,7880,1.0,0.5413175654581203,7880.0,4265.582415809988
CHOA CHU KANG NORTH,CHOA CHU KANG,30410,1.0,0.7439016487883954,30410.0,22622.049139655104
RIVERVALE,SENGKANG,62470,1.0,0.9055453204816465,62470.0,56569.416170488454
YIO CHU KANG NORTH,ANG MO KIO,0,,,0.0,0.0
YUNNAN,JURONG WEST,65400,0.9998412101157717,0.8855046176422561,65389.61514157146,57912.00199380355
LORONG CHUAN,SERANGOON,8470,0.9702536634376595,0.6182196582589987,8218.048529316977,5236.320505453719
HONG KAH,JURONG WEST,51190,1.0,0.9507112458962602,51190.0,48666.90867742956
SELETAR,SELETAR,280,,,0.0,0.0
PANG SUA,SUNGEI KADUT,10,,,0.0,0.0
SELETAR AEROSPACE PARK,SELETAR,10,,,0.0,0.0
KHATIB,YISHUN,9610,1.0,0.15930745007755387,9610.0,1530.9445952452927
MANDAI WEST,MANDAI,0,,,0.0,0.0
CONEY ISLAND,PUNGGOL,0,0.0,0.0,0.0,0.0
YISHUN SOUTH,YISHUN,41050,1.0,0.9988560223292596,41050.0,41003.039716616106
RESERVOIR VIEW,SUNGEI KADUT,10,,,0.0,0.0
WOODLANDS EAST,WOODLANDS,98590,1.0,0.9108609285046715,98590.0,89801.77894127557
SEMBAWANG CENTRAL,SEMBAWANG,34860,1.0,0.7002094336327529,34860.0,24409.300856437767
GREENWOOD PARK,WOODLANDS,50,1.0,0.0,50.0,0.0
SEMBAWANG EAST,SEMBAWANG,24620,1.0,1.0,24620.0,24620.0
SENOKO WEST,WOODLANDS,30,,,0.0,0.0
MATILDA,PUNGGOL,52350,1.0,0.8782715720474474,52350.0,45977.51679668387
WATERWAY EAST,PUNGGOL,53800,1.0,0.9847757880552013,53800.0,52980.93739736983
GALI BATU,SUNGEI KADUT,40,,,0.0,0.0
CRAWFORD,KALLANG,7590,1.0,1.0,7590.0,7590.0
TUAS BAY,TUAS,10,,,0.0,0.0
TUAS VIEW,TUAS,10,,,0.0,0.0
BAHAR,WESTERN WATER CATCHMENT,0,,,0.0,0.0
CLEANTECH,WESTERN WATER CATCHMENT,0,,,0.0,0.0
LAKESIDE (BUSINESS),JURONG EAST,0,,,0.0,0.0
PARK,TENGAH,4020,0.6511701831128252,0.3247539974951483,2617.704136113557,1305.5110699304962
BRICKLAND,TENGAH,0,0.9956276527715098,0.7967762192148005,0.0,0.0
FOREST HILL,TENGAH,0,0.2275961939697521,0.0,0.0,0.0
PLANTATION,TENGAH,12140,1.0,0.6348614047031373,12140.0,7707.217453096087
GARDEN,TENGAH,6790,0.9168783419903239,0.9168783419903239,6225.6039421143,6225.6039421143
AIRPORT ROAD,PAYA LEBAR,0,,,0.0,0.0
NORTH COAST,WOODLANDS,11160,0.6232799600996026,0.5054317361446707,6955.804354711565,5640.618175374526
SPRINGLEAF,YISHUN,4300,0.895447713868398,0.1430785044131679,3850.4251696341116,615.237568976622
PUNGGOL TOWN CENTRE,PUNGGOL,25010,1.0,0.7858691677945975,25010.0,19654.587886542882
PUNGGOL CANAL,PUNGGOL,0,0.6471117629235169,0.2716602779576064,0.0,0.0
CENTRAL WATER CATCHMENT,CENTRAL WATER CATCHMENT,0,,,0.0,0.0
SEMBAWANG STRAITS,SEMBAWANG,2370,0.7424788002251957,0.35202750487379364,1759.674756533714,834.3051865508909
THE WHARVES,SEMBAWANG,0,,,0.0,0.0
SENOKO NORTH,SEMBAWANG,10,,,0.0,0.0
CHANGI AIRPORT,CHANGI,0,,,0.0,0.0
PEOPLE'S PARK,OUTRAM,300,,,0.0,0.0
MOUNTBATTEN,MARINE PARADE,10570,0.9658346867828382,0.4831104334967892,10208.872639294601,5106.477282061062
ALJUNIED,GEYLANG,44220,1.0,0.8923821911515368,44220.0,39461.14049272096
PULAU PUNGGOL TIMOR,SELETAR,0,,,0.0,0.0
TURF CLUB,SUNGEI KADUT,660,0.7842885737833538,0.5167555683648851,517.6304586970135,341.0586751208242
WOODLANDS SOUTH,WOODLANDS,41850,1.0,0.8259564782537265,41850.0,34566.278614918454
WOODGROVE,WOODLANDS,32250,1.0,0.4595695516857505,32250.0,14821.118041865453
YISHUN EAST,YISHUN,73440,1.0,0.8894465733382042,73440.0,65320.95634595772
MURAI,WESTERN WATER CATCHMENT,580,,,0.0,0.0
PULAU PUNGGOL BARAT,SELETAR,0,,,0.0,0.0
PULAU SELETAR,SIMPANG,0,,,0.0,0.0
ADMIRALTY,SEMBAWANG,13420,1.0,0.5611581487011426,13420.0,7530.742355569333
LIM CHU KANG,LIM CHU KANG,30,,,0.0,0.0
SIMPANG NORTH,SIMPANG,0,,,0.0,0.0
SENOKO SOUTH,SEMBAWANG,20,,,0.0,0.0
SEMBAWANG NORTH,SEMBAWANG,25530,1.0,0.7052454221595933,25530.0,18004.915627734415
TANJONG IRAU,SIMPANG,0,,,0.0,0.0
YISHUN WEST,YISHUN,50700,1.0,0.7925780726859808,50700.0,40183.70828517923
WOODLANDS REGIONAL CENTRE,WOODLANDS,10,1.0,0.6987065547560345,10.0,6.987065547560345
NORTH-EASTERN ISLANDS,NORTH-EASTERN ISLANDS,40,,,0.0,0.0
SIMPANG SOUTH,SIMPANG,0,,,0.0,0.0
NORTHLAND,YISHUN,26740,1.0,0.9972459655749826,26740.0,26666.357119475033
MIDVIEW,WOODLANDS,33900,1.0,0.9062022000770923,33900.0,30720.25458261343
WOODLANDS WEST,WOODLANDS,36600,1.0,0.7222029921918203,36600.0,26432.62951422062
SEMBAWANG SPRINGS,SEMBAWANG,12520,1.0,0.703245168745189,12520.0,8804.629512689768
KRANJI,SUNGEI KADUT,0,,,0.0,0.0
PLAB,PAYA LEBAR,0,,,0.0,0.0
MANDAI EAST,MANDAI,0,,,0.0,0.0
NEE SOON,YISHUN,1060,1.0,0.5867854373760812,1060.0,621.9925636186462
UPPER THOMSON,BISHAN,31510,0.7657701512079652,0.5543002091503364,24129.417464562983,17465.9995903271
SHANGRI-LA,ANG MO KIO,17590,1.0,0.5723176574671583,17590.0,10067.067594847314
TOWNSVILLE,ANG MO KIO,19760,1.0,0.8183069136191704,19760.0,16169.744613114808
MARYMOUNT,BISHAN,28760,1.0,0.44014191496176563,28760.0,12658.481474300379
TUAS VIEW EXTENSION,TUAS,10,,,0.0,0.0
