PLN_AREA_N,residents,res_line,res_line13,res_walk,coverage_line13,coverage_line,coverage_walk,gap_pts,residents_outside_walk
SOUTHERN ISLANDS,2680,0.0,0.0,0.0,0.0,0.0,0.0,0.0,2680.0
NEWTON,10110,8281.991309580895,6517.421525890625,3098.2961259941835,0.6446509916805762,0.8191880622730856,0.30645856834759483,51.27294939254907,7011.703874005816
TANGLIN,24640,20226.600273592034,17143.137401960827,11167.82349077003,0.6957442127419167,0.8208847513633131,0.45323958972280964,36.76451616405034,13472.17650922997
BUKIT TIMAH,85910,65007.49085046947,58629.361669473634,43017.74236824796,0.6824509564599422,0.7566929443658418,0.5007303267168892,25.596261764895257,42892.25763175204
SUNGEI KADUT,660,517.6304586970135,459.40225253741465,341.0586751208242,0.6960640189960828,0.7842885737833538,0.5167555683648851,26.75330054184687,318.9413248791758
BISHAN,87540,80159.41746456298,78822.815564153,57394.48106462748,0.9004205570499544,0.9156890274681629,0.6556372065870171,26.005182088114587,30145.51893537252
TENGAH,22950,20983.308078227856,20446.820769664657,15238.332465140884,0.8909290095714447,0.9143053628857454,0.6639796281107139,25.03257347750315,7711.667534859116
BEDOK,274360,274095.168526171,261336.3450231828,193303.30556317914,0.9525307808105511,0.9990347300122868,0.7045608163113396,29.44739137009472,81056.69443682086
TAMPINES,290090,290090.0,289991.87692544406,206396.00679090896,0.9996617495447759,1.0,0.7114895611393325,28.85104388606675,83693.99320909104
RIVER VALLEY,12700,12700.0,12125.084963535868,9197.725947962565,0.9547310994910132,1.0,0.7242303896033515,27.576961039664848,3502.2740520374355
NOVENA,53160,51302.8587006594,48189.675573966946,39313.662955009255,0.9065025503003564,0.9650650620891535,0.739534668077676,22.553039401147757,13846.337044990745
SEMBAWANG,113320,112709.67475653371,105810.51672411818,84203.89353898217,0.9337320572195391,0.994614143633372,0.7430629503969483,25.15511932364237,29116.10646101783
ANG MO KIO,158730,154314.48036189785,150517.88728818003,118528.61148033272,0.9482636381791724,0.9721821984621549,0.7467309990570952,22.545119940505977,40201.38851966728
BUKIT PANJANG,136370,135565.90094628156,134403.47075560346,102381.43126467257,0.9855794584996953,0.9941035487737887,0.7507621270416702,24.33414217321185,33988.568735327426
PASIR RIS,143710,143710.0,143143.14695095614,112102.6745699988,0.996055576862822,1.0,0.7800617533226553,21.993824667734472,31607.325430001205
TOA PAYOH,142230,142230.0,139956.67246032177,111597.85518231418,0.9840165398321155,1.0,0.784629509824328,21.5370490175672,30632.144817685825
SINGAPORE RIVER,4470,4470.0,4470.0,3520.444341377208,1.0,1.0,0.7875714410239838,21.242855897601622,949.5556586227922
SERANGOON,116630,112347.94656274797,108371.58337609118,92186.06090597642,0.9291913176377534,0.9632851458693986,0.790414652370543,17.287049349885564,24443.939094023575
WOODLANDS,254410,250205.80435471155,250141.00906568696,201989.6649358156,0.9832200348480286,0.9834747232998371,0.7939533231233663,18.95214001764708,52420.335064184386
JURONG EAST,72940,72940.0,72940.0,57980.992583271,1.0,1.0,0.7949135259565533,20.50864740434467,14959.007416729
MANDAI,2120,2120.0,2120.0,1703.3699473238646,1.0,1.0,0.8034763902471059,19.652360975289408,416.6300526761354
CLEMENTI,104210,103209.0167416125,101313.14802155734,84184.06859927133,0.9722017850643637,0.9903945565839412,0.8078310008566484,18.256355572729277,20025.931400728674
GEYLANG,117590,117590.0,115505.28307949619,96039.66415407522,0.9822713077599812,1.0,0.8167332609411958,18.32667390588042,21550.335845924783
QUEENSTOWN,101190,99106.98285274828,98179.79225217865,83326.13330595933,0.9702519246188226,0.9794147924967712,0.823462133668933,15.595265882783826,17863.86669404067
MARINE PARADE,47480,47118.8726392946,45971.62599983023,39144.97207735128,0.9682313816307967,0.9923941162446208,0.8244518129180978,16.794230332652305,8335.027922648718
HOUGANG,227220,223368.04456442138,218904.77871530256,187355.55755085568,0.9634045361997295,0.9830474630948921,0.8245557501578016,15.849171293709052,39864.44244914432
SENGKANG,267590,267590.0,264609.4419837019,222892.3149765294,0.988861474583138,1.0,0.8329620500636399,16.703794993636013,44697.68502347061
KALLANG,101720,101720.0,101095.09431011477,85634.79269646732,0.9938566094191386,1.0,0.8418678007910669,15.813219920893307,16085.207303532676
PUNGGOL,204160,204160.0,204160.0,173377.31038292637,1.0,1.0,0.849222719352108,15.077728064789198,30782.68961707363
YISHUN,228720,228270.4251696341,221939.2186596205,194262.02889278298,0.9703533519570676,0.9980343877651019,0.8493443026092296,14.869008515587234,34457.97110721702
BUKIT BATOK,165830,165310.35598992018,163291.48015006268,142699.68007136954,0.9846920349156526,0.9968664052940974,0.8605178801867548,13.634852510734262,23130.31992863046
ROCHOR,12670,12593.765410720574,12265.03516310055,11259.375978627631,0.9680375030071469,0.9939830631981511,0.8886642445641383,10.531881863401281,1410.6240213723686
JURONG WEST,253800,253789.61514157147,253516.1833385138,230596.55433370927,0.9988817310422136,0.999959082512102,0.908575864199012,9.138321831308993,23203.445666290732
CHOA CHU KANG,187550,187550.0,187487.45685124202,172459.52838951384,0.9996665254664997,1.0,0.9195389410264667,8.046105897353328,15090.471610486158
BUKIT MERAH,146210,145662.84266445017,142607.27049449348,134558.20888769306,0.9753592127384821,0.9962577297342875,0.9203078372730529,7.594989246123463,11651.791112306935
OUTRAM,16640,16640.0,16640.0,15556.688528045606,1.0,1.0,0.9348971471181253,6.510285288187467,1083.3114719543937
CHANGI,1960,1960.0,1960.0,1902.6669615462479,1.0,1.0,0.9707484497684938,2.9251550231506163,57.333038453752124
ORCHARD,1450,1450.0,1450.0,1450.0,1.0,1.0,1.0,0.0,0.0
MUSEUM,810,810.0,810.0,810.0,1.0,1.0,1.0,0.0,0.0
DOWNTOWN CORE,3060,3060.0,3060.0,3060.0,1.0,1.0,1.0,0.0,0.0
MARINA SOUTH,0,0.0,0.0,0.0,,,,,0.0
PAYA LEBAR,0,0.0,0.0,0.0,,,,,0.0
