SUBZONE_N,PLN_AREA_N,residents,area_km2,area_covered,housing_parcels,housing_share_covered,method,residents_covered,residents_covered_even,stops
DEPOT ROAD,BUKIT MERAH,6460,0.44229750956256175,0.9999999999999992,7,0.9999999999999999,dasymetric,6459.999999999999,6459.9999999999945,6
BUKIT MERAH,BUKIT MERAH,1000,0.4117228302482657,0.9999999999999996,3,1.0000000000000002,dasymetric,1000.0000000000002,999.9999999999995,8
CHINATOWN,OUTRAM,9990,0.5872226793521483,0.9999999999999997,36,1.0000000000000004,dasymetric,9990.000000000004,9989.999999999996,15
PHILLIP,DOWNTOWN CORE,0,0.039437935270971294,0.9999999999999994,0,,even spread,0.0,0.0,1
RAFFLES PLACE,DOWNTOWN CORE,40,0.18876748970837995,1.0000000000000002,0,,even spread,40.00000000000001,40.00000000000001,2
CHINA SQUARE,OUTRAM,1270,0.1330069360137756,1.0000000000000007,1,0.9999999999999998,dasymetric,1269.9999999999998,1270.000000000001,2
TIONG BAHRU,BUKIT MERAH,12150,0.44812758444718104,0.9999999999999999,141,1.0000000000000002,dasymetric,12150.000000000002,12149.999999999998,5
BAYFRONT SUBZONE,DOWNTOWN CORE,0,0.5212005223827678,0.997613630629109,0,,even spread,0.0,0.0,4
TIONG BAHRU STATION,BUKIT MERAH,14410,0.3507875614261974,0.9999999999999997,14,1.0,dasymetric,14410.0,14409.999999999995,6
CLIFFORD PIER,DOWNTOWN CORE,0,0.26184389681994596,0.9977729051199483,0,,even spread,0.0,0.0,2
MARINA SOUTH,MARINA SOUTH,0,1.6303796279217435,0.8001339896731364,5,1.0000000000000002,dasymetric,0.0,0.0,6
NICOLL,DOWNTOWN CORE,360,0.6149236001827308,0.9252037126482574,0,,even spread,333.07333655337266,333.07333655337266,5
MARINA EAST,MARINA EAST,0,1.8440417381098564,0.12527804657462913,0,,even spread,0.0,0.0,0
INSTITUTION HILL,RIVER VALLEY,4190,0.3925633397658546,0.9999548924630677,123,0.9999614750475558,dasymetric,4189.838580449259,4189.810999420253,3
ROBERTSON QUAY,SINGAPORE RIVER,4360,0.5065889590739231,1.0,35,0.9999999999999999,dasymetric,4359.999999999999,4360.0,8
JURONG ISLAND AND BUKOM,WESTERN ISLANDS,10,36.639387121882216,0.0,0,,even spread,0.0,0.0,0
FORT CANNING,MUSEUM,220,0.3887332029770409,0.9999999999999996,24,1.0,dasymetric,220.0,219.99999999999991,6
PEARL'S HILL,OUTRAM,5380,0.5616085596850792,0.9999999999999994,37,1.0,dasymetric,5380.0,5379.999999999997,7
BOAT QUAY,SINGAPORE RIVER,150,0.16080749773146288,1.0,0,,even spread,150.0,150.0,4
HENDERSON HILL,BUKIT MERAH,11590,0.5952467225408586,0.9999999999999992,10,0.9999999999999999,dasymetric,11589.999999999998,11589.99999999999,14
REDHILL,BUKIT MERAH,10940,0.3876115957455444,0.9999999999999999,20,1.0000000000000002,dasymetric,10940.000000000002,10939.999999999998,9
ALEXANDRA HILL,BUKIT MERAH,12680,1.0303787860431497,0.9999999999999996,13,0.9999999999999988,dasymetric,12679.999999999984,12679.999999999995,24
BUKIT HO SWEE,BUKIT MERAH,13230,0.5517320530316675,0.9999999999999998,43,1.0000000000000002,dasymetric,13230.000000000004,13229.999999999996,10
CLARKE QUAY,SINGAPORE RIVER,110,0.2901846539636776,1.0,3,1.0,dasymetric,110.0,110.0,6
PASIR PANJANG 1,QUEENSTOWN,4690,1.0847923206018002,0.9999999999999996,400,1.0000000000000002,dasymetric,4690.000000000001,4689.999999999998,34
QUEENSWAY,QUEENSTOWN,260,0.6288934669082025,0.8826545444156769,8,0.8265122748371078,dasymetric,214.89319145764802,229.490181548076,3
MARINA EAST (MP),MARINE PARADE,0,1.5903398546526943,0.28821041203375214,0,,even spread,0.0,0.0,2
SUDONG,WESTERN ISLANDS,0,4.207271093588534,0.0,0,,even spread,0.0,0.0,0
SEMAKAU,WESTERN ISLANDS,0,4.963787173040212,0.0,0,,even spread,0.0,0.0,0
SOUTHERN GROUP,SOUTHERN ISLANDS,0,2.206353554784542,0.0,0,,even spread,0.0,0.0,0
SENTOSA,SOUTHERN ISLANDS,2680,4.919832815524335,0.16786751346386677,455,0.0,dasymetric,0.0,449.8849360831629,4
CITY TERMINALS,BUKIT MERAH,20,3.451567579737379,0.368141052272136,1,1.0000000000000002,dasymetric,20.000000000000004,7.36282104544272,10
ANSON,DOWNTOWN CORE,100,0.1032384820456483,1.0000000000000002,3,1.0000000000000004,dasymetric,100.00000000000004,100.00000000000003,5
STRAITS VIEW,STRAITS VIEW,0,1.1272968661650242,0.6862186354148394,0,,even spread,0.0,0.0,4
MARITIME SQUARE,BUKIT MERAH,5410,2.698655028660588,0.7933275467502756,34,0.7633022051625611,dasymetric,4129.464929929455,4291.902027918991,17
TELOK BLANGAH RISE,BUKIT MERAH,11360,0.5334626817138953,0.9999999999999996,49,0.9999999999999992,dasymetric,11359.99999999999,11359.999999999995,11
TANJONG PAGAR,DOWNTOWN CORE,1060,0.14551866386968734,0.9999999999999994,6,1.0000000000000002,dasymetric,1060.0000000000002,1059.9999999999993,2
EVERTON PARK,BUKIT MERAH,7330,0.6357040566759634,0.9999999999999998,168,1.0000000000000004,dasymetric,7330.000000000004,7329.999999999998,9
TELOK BLANGAH WAY,BUKIT MERAH,8190,0.2768268124651504,1.0,8,0.9999999999999999,dasymetric,8189.999999999999,8190.0,6
MAXWELL,DOWNTOWN CORE,0,0.06366496634778895,1.0,3,1.0000000000000004,dasymetric,0.0,0.0,1
CECIL,DOWNTOWN CORE,610,0.1966198632140174,1.0000000000000002,5,1.0,dasymetric,610.0,610.0000000000001,4
KAMPONG TIONG BAHRU,BUKIT MERAH,9730,0.36533342619613607,1.0000000000000002,16,1.0000000000000004,dasymetric,9730.000000000004,9730.000000000002,7
TELOK BLANGAH DRIVE,BUKIT MERAH,18730,1.455032962622764,0.9999999999999997,15,0.9999999999999998,dasymetric,18729.999999999996,18729.999999999993,24
PASIR PANJANG 2,QUEENSTOWN,3590,0.8532065732974652,0.9483919174633659,532,0.9123517636666625,dasymetric,3275.342831563318,3404.726983693484,9
CENTRAL SUBZONE,DOWNTOWN CORE,1510,1.0707232563638822,0.7526269176297502,0,,even spread,1136.466645620923,1136.466645620923,10
SINGAPORE GENERAL HOSPITAL,BUKIT MERAH,0,0.5330130948374678,0.9828134717855249,0,,even spread,0.0,0.0,6
BUGIS,DOWNTOWN CORE,1290,0.28017476669984087,0.9999999999999998,71,0.9999999999999998,dasymetric,1289.9999999999998,1289.9999999999998,12
VICTORIA,ROCHOR,1700,0.21425029813163085,1.0000000000000004,10,0.9999999999999996,dasymetric,1699.9999999999993,1700.0000000000007,8
PATERSON,RIVER VALLEY,350,0.17312177362238435,1.0,19,0.9999999999999998,dasymetric,349.99999999999994,350.0,2
EAST COAST,MARINE PARADE,0,0.5917789997410461,0.9877557204753915,0,,even spread,0.0,0.0,6
NATIONAL UNIVERSITY OF S'PORE,QUEENSTOWN,300,1.7534819973914264,0.9588974049438503,0,,even spread,287.6692214831551,287.6692214831551,25
ONE TREE HILL,RIVER VALLEY,2390,0.3407433416497165,0.9999999999999999,249,0.9999999999999999,dasymetric,2389.9999999999995,2389.9999999999995,6
COMMONWEALTH,QUEENSTOWN,6400,0.3105340060108544,0.9999999999999997,10,0.9999999999999998,dasymetric,6399.999999999998,6399.999999999998,5
DOVER,QUEENSTOWN,11130,1.38033624929533,0.9912389678285929,9,0.9999999999999998,dasymetric,11129.999999999998,11032.48971193224,12
RIDOUT,TANGLIN,1530,1.9517604692698791,0.79616525069024,331,0.7588602376796048,dasymetric,1161.0561636497953,1218.1328335560672,12
CAIRNHILL,NEWTON,4790,0.45153763901547384,0.7668255787406284,379,0.7429467790000697,dasymetric,3558.7150714103336,3673.09452216761,0
CLEMENTI WEST,CLEMENTI,14580,0.6975017185604331,1.0000000000000004,65,1.0,dasymetric,14580.0,14580.000000000007,19
MONK'S HILL,NEWTON,1180,0.17265481769829927,0.6965842789517636,21,0.4707570271776899,dasymetric,555.4932920696741,821.969449163081,1
SIGLAP,BEDOK,7420,1.0978337046552051,1.0,5,1.0,dasymetric,7420.0,7420.0,14
CLEMENTI WOODS,CLEMENTI,19630,1.0579964306067005,0.9999999999999991,126,1.0,dasymetric,19630.0,19629.99999999998,18
PIONEER SECTOR,PIONEER,10,2.7967985789206855,0.8147322604112073,0,,even spread,8.147322604112073,8.147322604112073,18
PENJURU CRESCENT,JURONG EAST,10,3.0509931323084536,0.7562041043665554,0,,even spread,7.562041043665554,7.562041043665554,20
ORANGE GROVE,NEWTON,2180,0.3362214941010513,0.9999999999999997,57,1.0000000000000002,dasymetric,2180.0000000000005,2179.999999999999,1
KAMPONG BUGIS,KALLANG,1690,0.7422030254753579,0.9598300689780455,27,0.9999999999999998,dasymetric,1689.9999999999995,1622.112816572897,8
KENT RIDGE,QUEENSTOWN,2430,1.8268485606080243,0.7057119544992214,4,0.5536102687607931,dasymetric,1345.2729530887273,1714.880049433108,21
ALEXANDRA NORTH,BUKIT MERAH,2980,0.29369504216270537,1.0000000000000007,11,0.9999999999999998,dasymetric,2979.9999999999995,2980.000000000002,4
TANGLIN HALT,QUEENSTOWN,5670,0.5572757036455923,1.0000000000000004,9,1.0000000000000002,dasymetric,5670.000000000001,5670.000000000003,9
MACKENZIE,ROCHOR,130,0.05568128248415474,1.0000000000000007,23,1.0000000000000002,dasymetric,130.00000000000003,130.00000000000009,1
SUNGEI ROAD,ROCHOR,1890,0.11632999656707634,1.0,32,1.0000000000000004,dasymetric,1890.000000000001,1890.0,2
ONE NORTH,QUEENSTOWN,1310,2.0034482090789636,0.9999999999999996,5,0.9999999999999997,dasymetric,1309.9999999999995,1309.9999999999993,29
TANJONG RHU,KALLANG,11560,2.434594027755212,0.9240215264763628,38,1.0,dasymetric,11560.0,10681.688846066754,24
KATONG,MARINE PARADE,9550,1.0789920252980942,0.9999999999999992,1636,1.0,dasymetric,9550.0,9549.999999999993,20
BOULEVARD,ORCHARD,550,0.4605504298548191,0.9999999999999999,11,1.0000000000000002,dasymetric,550.0000000000001,549.9999999999999,9
ISTANA NEGARA,NEWTON,50,0.5434836769468749,0.707961435578437,1,1.0,dasymetric,50.0,35.39807177892185,1
LITTLE INDIA,ROCHOR,2960,0.27830354335855706,0.9999999999999996,13,0.9999999999999998,dasymetric,2959.9999999999995,2959.9999999999986,1
GUL BASIN,PIONEER,0,1.7705981852069994,0.9612104280576879,0,,even spread,0.0,0.0,15
MARINA CENTRE,DOWNTOWN CORE,30,0.8869548093429116,0.9937914449937632,0,,even spread,29.813743349812896,29.813743349812896,14
BRAS BASAH,MUSEUM,10,0.21880771628035373,0.9999999999999991,0,,even spread,9.999999999999991,9.999999999999991,8
SOMERSET,ORCHARD,160,0.32943793309907143,1.0,9,1.0,dasymetric,160.0,160.0,7
BENCOOLEN,ROCHOR,1310,0.17066430451965198,1.0,17,0.9999999999999998,dasymetric,1309.9999999999998,1310.0,3
CHATSWORTH,TANGLIN,7850,1.3461641311608266,0.8972121550815148,499,0.9223763954840999,dasymetric,7240.654704550184,7043.11541738989,13
KAMPONG GLAM,ROCHOR,120,0.171334396209376,0.9999999999999999,0,,even spread,119.99999999999999,119.99999999999999,6
SELEGIE,ROCHOR,40,0.04962601833194726,1.0000000000000004,41,0.9999999999999999,dasymetric,39.99999999999999,40.000000000000014,2
MOUNT EMILY,ROCHOR,2140,0.19399234528086026,0.9279594252686166,124,0.9693112150599764,dasymetric,2074.3260002283496,1985.8331700748397,0
ROCHOR CANAL,ROCHOR,0,0.12017132121546754,1.0000000000000002,5,1.0,dasymetric,0.0,0.0,3
MARGARET DRIVE,QUEENSTOWN,24010,1.0265617396938065,0.9999999999999991,19,0.9999999999999999,dasymetric,24009.999999999996,24009.999999999978,17
OXLEY,RIVER VALLEY,1650,0.20078663852926337,0.9999999999999999,141,1.0,dasymetric,1650.0,1649.9999999999998,0
CITY HALL,DOWNTOWN CORE,220,0.7105687029473473,1.0000000000000002,0,,even spread,220.00000000000006,220.00000000000006,16
MEI CHIN,QUEENSTOWN,16400,0.748683995873871,0.9999999999999999,134,1.0,dasymetric,16400.0,16399.999999999996,16
LEONIE HILL,RIVER VALLEY,4120,0.36848298826507325,0.9999999999999997,117,1.0,dasymetric,4120.0,4119.999999999998,3
PORT,QUEENSTOWN,120,7.6062075752050236,0.2985009577895451,44,0.9999999999999999,dasymetric,119.99999999999999,35.82011493474541,15
DHOBY GHAUT,MUSEUM,590,0.22199818551550077,1.0,13,1.0000000000000002,dasymetric,590.0000000000001,590.0,5
MACPHERSON,GEYLANG,26590,1.2634094039822044,1.0000000000000004,675,0.9999999999999999,dasymetric,26589.999999999996,26590.00000000001,21
KIM KEAT,TOA PAYOH,9560,0.36977055330430725,0.9999999999999997,6,1.0000000000000002,dasymetric,9560.000000000002,9559.999999999996,7
BEDOK NORTH,BEDOK,80340,3.203663493282685,0.9963570246655572,1036,0.9990651485860434,dasymetric,80264.89403740273,80047.32336163087,56
TOA PAYOH CENTRAL,TOA PAYOH,27410,1.1072670358059487,0.9999999999999996,26,0.9999999999999999,dasymetric,27409.999999999996,27409.99999999999,20
JURONG GATEWAY,JURONG EAST,550,0.5546236757251397,1.0000000000000002,4,0.9999999999999997,dasymetric,549.9999999999998,550.0000000000001,13
HOLLAND ROAD,BUKIT TIMAH,11760,3.3872430774672058,0.7409502279112571,1390,0.773070290451672,dasymetric,9091.306615711663,8713.574680236383,24
KAMPONG UBI,GEYLANG,13780,1.8780014517355919,0.9999999999999997,16,1.0,dasymetric,13780.0,13779.999999999995,37
SENNETT,TOA PAYOH,17490,0.8677504373434869,1.0000000000000002,1312,0.9999999999999998,dasymetric,17489.999999999996,17490.000000000004,12
POTONG PASIR,TOA PAYOH,12840,0.6391435693072047,1.0000000000000004,49,0.9999999999999999,dasymetric,12839.999999999998,12840.000000000005,11
TUAS NORTH,TUAS,30,3.2601508569409576,0.9999999999999999,0,,even spread,29.999999999999996,29.999999999999996,57
PEI CHUN,TOA PAYOH,9710,0.4114039371335023,1.0,7,1.0000000000000007,dasymetric,9710.000000000007,9710.0,10
BOON TECK,TOA PAYOH,14640,0.41865735830705186,0.9999999999999996,10,1.0000000000000002,dasymetric,14640.000000000004,14639.999999999993,13
KIAN TECK,JURONG WEST,40,2.0981764964373277,1.0000000000000007,0,,even spread,40.00000000000003,40.00000000000003,33
SAFTI,JURONG WEST,0,1.5245513442512033,0.724540728248206,0,,even spread,0.0,0.0,5
FARRER PARK,ROCHOR,2500,0.2181072646264544,0.9999999999999999,103,1.0000000000000002,dasymetric,2500.0000000000005,2499.9999999999995,4
NEWTON CIRCUS,NEWTON,340,0.21351866649945142,0.9999999999999998,6,1.0000000000000002,dasymetric,340.00000000000006,339.99999999999994,5
JURONG PORT,JURONG EAST,0,2.464856671580146,0.4535332429538411,0,,even spread,0.0,0.0,8
ANG MO KIO TOWN CENTRE,ANG MO KIO,4840,0.31688201719137493,1.0000000000000004,6,1.0,dasymetric,4840.0,4840.000000000002,9
KEBUN BAHRU,ANG MO KIO,21640,1.046417000049336,1.0000000000000004,345,0.9999999999999999,dasymetric,21639.999999999996,21640.00000000001,15
SERANGOON NORTH IND ESTATE,SERANGOON,10,0.9214309488244111,0.9999999999999998,0,,even spread,9.999999999999998,9.999999999999998,15
TENGAH INDUSTRIAL ESTATE,TENGAH,0,2.3933353320878785,0.035574769796647594,0,,even spread,0.0,0.0,0
SAMULUN,BOON LAY,10,1.9414085396926646,0.8349071749204356,0,,even spread,8.349071749204356,8.349071749204356,15
SHIPYARD,BOON LAY,0,2.1211838522869355,0.8941458430818571,0,,even spread,0.0,0.0,12
GHIM MOH,QUEENSTOWN,13040,0.4855724082929115,1.0000000000000004,12,1.0000000000000002,dasymetric,13040.000000000004,13040.000000000005,9
LAVENDER,KALLANG,10240,0.7569259237439616,1.000000000000001,356,1.0000000000000002,dasymetric,10240.000000000002,10240.000000000011,13
FRANKEL,BEDOK,35010,4.297140713582967,0.9973006989057455,6362,0.9957957230911173,dasymetric,34862.80826542002,34915.49746869015,80
CLEMENTI NORTH,CLEMENTI,30620,0.9910572611760022,1.0000000000000009,13,1.0,dasymetric,30620.0,30620.000000000025,16
LEEDON PARK,BUKIT TIMAH,7450,2.0385124635226144,0.5595241147520312,1318,0.561788513911273,dasymetric,4185.3244286389845,4168.454654902633,10
GEYLANG EAST,GEYLANG,33000,2.5784253655701312,0.9766037006245027,1912,0.998710204105273,dasymetric,32957.43673547401,32227.92212060859,35
TEBAN GARDENS,JURONG EAST,17100,3.1875840751589912,0.7765878153320778,22,1.0000000000000002,dasymetric,17100.000000000004,13279.651642178529,33
JURONG RIVER,JURONG EAST,10,2.5609959362048005,0.7047840739971832,1,0.9742958406436701,dasymetric,9.742958406436701,7.047840739971832,10
GEYLANG BAHRU,KALLANG,10220,0.7355022264343822,0.9999999999999994,12,1.0,dasymetric,10220.0,10219.999999999995,10
GOODWOOD PARK,NEWTON,1570,0.35130522915200085,0.9999999999999996,52,1.0000000000000002,dasymetric,1570.0000000000005,1569.9999999999993,3
PANDAN,CLEMENTI,10,1.3129227211827301,0.8962396985448987,0,,even spread,8.962396985448986,8.962396985448986,9
SINGAPORE POLYTECHNIC,QUEENSTOWN,150,0.9474528670716549,0.9999999999999999,7,1.0,dasymetric,150.0,149.99999999999997,11
CLEMENTI CENTRAL,CLEMENTI,14300,0.7491988977387265,1.0000000000000002,320,1.0,dasymetric,14300.0,14300.000000000004,14
KAMPONG JAVA,KALLANG,10340,1.0520322749391602,1.0000000000000002,506,1.0,dasymetric,10340.0,10340.000000000002,16
BOON KENG,KALLANG,11990,0.4109390042877278,1.0000000000000004,19,1.0,dasymetric,11990.0,11990.000000000005,8
KALLANG BAHRU,KALLANG,20,0.8396793860541185,0.9999999999999996,1,0.9999999999999997,dasymetric,19.999999999999993,19.999999999999993,12
ULU PANDAN,BUKIT TIMAH,11290,1.227060864834004,0.9999999999999997,1035,1.0,dasymetric,11290.0,11289.999999999996,17
FARRER COURT,BUKIT TIMAH,7660,0.558760531604254,0.9647907338772822,352,0.9734762992707262,dasymetric,7456.8284524137625,7390.297021499981,5
NASSIM,TANGLIN,10990,2.0960852302110227,0.719447633152442,824,0.7439393814359974,dasymetric,8175.893801981611,7906.729488345337,13
WEST COAST,CLEMENTI,10180,0.7225886744301074,0.9999999999999997,539,0.9999999999999997,dasymetric,10179.999999999996,10179.999999999996,4
BAYSHORE,BEDOK,8170,2.5504616725089275,0.6080596342517246,166,0.9410779980260188,dasymetric,7688.607243872573,4967.84721183659,12
BENOI SECTOR,PIONEER,0,2.042630980273851,0.9940942384253157,0,,even spread,0.0,0.0,20
GUL CIRCLE,PIONEER,20,3.2603994589659973,0.9999999999999999,0,,even spread,19.999999999999996,19.999999999999996,34
TYERSALL,TANGLIN,4270,2.158289715777018,0.6754904139855996,316,0.848331271583826,dasymetric,3622.374529662937,2884.3440677185104,11
MOULMEIN,NOVENA,12230,1.347456011457697,0.9662321971285727,574,0.9768074605659778,dasymetric,11946.355242721907,11817.019770882443,16
LIU FANG,BOON LAY,10,2.3389094888867343,0.9066522665517756,0,,even spread,9.066522665517756,9.066522665517756,19
TANGLIN,ORCHARD,740,0.1675370653859254,1.0000000000000002,10,1.0000000000000002,dasymetric,740.0000000000001,740.0000000000001,2
MARINE PARADE,MARINE PARADE,27360,1.1600174782737311,1.0,103,1.0000000000000002,dasymetric,27360.000000000007,27360.0,19
JOO KOON,PIONEER,20,2.3493782564730545,0.9999999999999998,0,,even spread,19.999999999999996,19.999999999999996,43
KALLANG WAY,GEYLANG,50,0.9634946905781169,1.0000000000000004,0,,even spread,50.00000000000002,50.00000000000002,16
INTERNATIONAL BUSINESS PARK,JURONG EAST,10,0.485022306988494,0.9790893692656149,0,,even spread,9.790893692656148,9.790893692656148,4
TUKANG,BOON LAY,0,1.881305828605762,0.9857087164080852,0,,even spread,0.0,0.0,21
CORONATION ROAD,BUKIT TIMAH,7490,1.4250831768062133,0.7342892225739542,1360,0.6984995224092803,dasymetric,5231.7614228455095,5499.826277078917,10
KEMBANGAN,BEDOK,35480,2.3872775316347212,0.9999842954042775,2838,1.0,dasymetric,35480.0,35479.44280094376,31
DUNEARN,NOVENA,4040,1.2298944167226498,0.7453150598486749,1015,0.7459506913164613,dasymetric,3013.640792918504,3011.072841788646,6
SUNSET WAY,CLEMENTI,6380,0.9639246053119198,0.7055742496475634,327,0.7162589053594866,dasymetric,4569.7318161935245,4501.563712751455,4
ANAK BUKIT,BUKIT TIMAH,24220,2.7732967109366724,0.8134478831280616,2301,0.9387807770830144,dasymetric,22737.27042095061,19701.707729361653,33
SWISS CLUB,BUKIT TIMAH,6200,3.4685061941459994,0.2882537147994293,1137,0.2802431390858279,dasymetric,1737.5074623321327,1787.1730317564616,6
XILIN,TAMPINES,1710,7.655818727665091,0.46955918875096997,131,0.9999999999999998,dasymetric,1709.9999999999995,802.9462127641586,34
FABER,CLEMENTI,8520,0.9481589222606219,0.9934552983456186,457,1.0,dasymetric,8520.0,8464.23914190467,7
MALCOLM,NOVENA,3410,1.3191123158042937,0.9445990516637706,530,0.9219821218884298,dasymetric,3143.9590356395456,3221.0827661734575,11
BEDOK SOUTH,BEDOK,48150,2.9973074591387614,0.996101587206761,3231,0.9981791579845783,dasymetric,48062.326456957446,47962.29142400554,36
DEFU INDUSTRIAL PARK,HOUGANG,10,1.9741320488561682,0.86907277148456,0,,even spread,8.6907277148456,8.6907277148456,15
CHANGI BAY,CHANGI BAY,0,1.9726077198110954,0.13511499836169166,0,,even spread,0.0,0.0,1
PAYA LEBAR EAST,PAYA LEBAR,0,2.2592372541134655,0.45367607652859315,2,0.9999999999999999,dasymetric,0.0,0.0,6
HONG KAH NORTH,BUKIT BATOK,24590,0.8591791800883081,1.0000000000000002,14,1.0,dasymetric,24590.0,24590.000000000007,18
KOVAN,HOUGANG,27640,1.9486132054699192,0.835894259933063,3593,0.8647155812448,dasymetric,23900.73866560627,23104.11734454986,16
CHONG BOON,ANG MO KIO,24820,1.0786223240855972,1.0000000000000002,16,1.0,dasymetric,24820.0,24820.000000000007,15
SERANGOON GARDEN,SERANGOON,37340,3.023148981396126,0.9995116672340687,4637,0.9997411301016061,dasymetric,37330.333797993975,37321.765654520124,41
HOUGANG CENTRAL,HOUGANG,4620,0.4417334401702172,1.0,268,1.0000000000000004,dasymetric,4620.000000000002,4620.0,14
LOYANG EAST,PASIR RIS,2060,0.9721281733904468,0.982883802259345,364,0.9999999999999999,dasymetric,2059.9999999999995,2024.7406326542507,9
DAIRY FARM,BUKIT PANJANG,7850,1.2359017516527302,0.9517835770639473,603,0.9812888097317495,dasymetric,7703.1171563942335,7471.501079951987,12
PASIR RIS DRIVE,PASIR RIS,51000,1.6398366411297849,0.9999999999999999,32,1.0,dasymetric,51000.0,50999.99999999999,40
TAMPINES NORTH,TAMPINES,36160,2.5431066343072724,0.9994677178045095,21,1.0,dasymetric,36160.0,36140.75267581106,40
CHENG SAN,ANG MO KIO,26450,0.9557101887144265,1.0000000000000002,18,1.0000000000000002,dasymetric,26450.000000000007,26450.000000000007,21
SEMBAWANG HILLS,ANG MO KIO,6870,0.8945160174991694,1.0,1706,0.9999999999999998,dasymetric,6869.999999999998,6870.0,11
JELEBU,BUKIT PANJANG,29540,0.9112082850587093,1.0,208,1.0,dasymetric,29540.0,29540.0,24
KEAT HONG,CHOA CHU KANG,38960,1.1438136745918988,1.0,101,0.9999999999999997,dasymetric,38959.999999999985,38960.0,28
BENDEMEER,KALLANG,38070,1.3768300452849813,1.0000000000000002,533,0.9999999999999998,dasymetric,38069.99999999999,38070.00000000001,20
BALESTIER,NOVENA,32800,1.9266220021758662,0.9998023181556568,617,0.9999803229971851,dasymetric,32799.35459430767,32793.51603550554,31
TUAS PROMENADE,TUAS,10,4.137157967021635,0.8173637933574496,0,,even spread,8.173637933574495,8.173637933574495,27
SERANGOON CENTRAL,SERANGOON,22240,1.0618893527775533,0.9999999999999993,412,1.0,dasymetric,22240.0,22239.999999999985,25
BISHAN EAST,BISHAN,27270,1.7944612621028806,0.9762967901278613,15,1.0,dasymetric,27270.0,26623.613466786777,24
TAMPINES WEST,TAMPINES,87120,3.475252779879754,0.9920168331004566,75,0.9999999999999998,dasymetric,87119.99999999999,86424.50649971179,65
BRICKWORKS,BUKIT BATOK,30920,1.2316567499854532,1.0000000000000007,15,1.0,dasymetric,30920.0,30920.000000000022,31
SERANGOON NORTH,SERANGOON,14950,0.6847043005068856,0.9999999999999997,5,0.9999999999999996,dasymetric,14949.999999999993,14949.999999999995,16
GUILIN,BUKIT BATOK,12740,1.0850800831837237,0.9272188029183948,62,1.0000000000000002,dasymetric,12740.000000000004,11812.76754918035,13
WENYA,JURONG WEST,8090,1.9749432461296896,0.6713297339475769,3,1.0000000000000002,dasymetric,8090.000000000002,5431.057547635897,13
NATURE RESERVE,BUKIT PANJANG,3970,4.14132243095372,0.33877323274466076,246,0.8093271314388194,dasymetric,3213.028711812113,1344.9297339963032,9
TAMPINES EAST,TAMPINES,126910,4.343753039320822,0.9999999999999993,110,1.0,dasymetric,126910.0,126909.99999999991,85
LORONG AH SOO,HOUGANG,31330,1.5155338913066108,0.9999999999999994,1058,0.9999999999999998,dasymetric,31329.999999999993,31329.99999999998,27
FLORA DRIVE,PASIR RIS,16330,0.9449984488742836,1.0000000000000007,859,1.0,dasymetric,16330.0,16330.000000000011,20
HILLVIEW,BUKIT BATOK,20600,1.9936336171498459,0.9336876979403136,698,0.9723836005899924,dasymetric,20031.102172153842,19233.96657757046,30
TOH TUCK,CLEMENTI,20,2.0779688305703714,0.930634234624529,0,,even spread,18.61268469249058,18.61268469249058,18
MOUNT PLEASANT,NOVENA,680,3.144927673329784,0.5991137803637099,230,0.518631855996253,dasymetric,352.6696620774521,407.3973706473227,11
HILLCREST,BUKIT TIMAH,9840,2.636483258745919,0.4582320063683059,1549,0.3778716641110103,dasymetric,3718.2571748523414,4509.00294266413,7
JOO SENG,TOA PAYOH,7940,1.0571652442190187,0.945835290024229,564,0.9850876981789018,dasymetric,7821.596323540481,7509.932202792378,11
CHIN BEE,JURONG WEST,0,1.2879498245349021,0.9999999999999993,0,,even spread,0.0,0.0,19
LORONG 8 TOA PAYOH,TOA PAYOH,6620,0.43964676156428883,1.0000000000000002,9,1.0000000000000002,dasymetric,6620.000000000002,6620.000000000002,10
TOH GUAN,JURONG EAST,13510,0.7468822741417958,0.9983208819147765,5,1.0000000000000002,dasymetric,13510.000000000004,13487.31511466863,10
SIMEI,TAMPINES,38190,2.777496646730369,1.0000000000000004,1194,0.9999999999999998,dasymetric,38189.99999999999,38190.000000000015,52
BOON LAY PLACE,JURONG WEST,29710,0.9063173906921529,1.0000000000000002,22,1.0000000000000002,dasymetric,29710.000000000007,29710.000000000007,25
BUKIT BATOK EAST,BUKIT BATOK,11780,0.3802018027648492,0.9999999999999997,10,0.9999999999999999,dasymetric,11779.999999999998,11779.999999999996,9
BUKIT BATOK WEST,BUKIT BATOK,14160,0.5274716660690676,1.0,12,1.0,dasymetric,14160.0,14160.0,13
BUKIT BATOK CENTRAL,BUKIT BATOK,27030,0.800298564486021,0.9999999999999999,21,1.0,dasymetric,27030.0,27029.999999999996,20
UPPER PAYA LEBAR,SERANGOON,18340,0.8985550764140188,0.999999999999999,953,0.9999999999999998,dasymetric,18339.999999999996,18339.99999999998,20
TAI SENG,HOUGANG,13990,1.7961557533188963,0.9996544237362588,1083,0.9993646371022259,dasymetric,13981.11127306014,13985.16538807026,20
TENGEH,TUAS,0,2.25123831038359,0.6423433911506952,0,,even spread,0.0,0.0,5
YUHUA WEST,JURONG EAST,18170,0.776142491578606,1.0000000000000002,17,1.0000000000000002,dasymetric,18170.000000000004,18170.000000000004,12
BRADDELL,TOA PAYOH,9400,0.4462417918810391,1.0000000000000007,10,1.0000000000000004,dasymetric,9400.000000000004,9400.000000000005,10
BIDADARI,TOA PAYOH,9120,0.5725021397874294,0.9999999999999994,10,1.0000000000000002,dasymetric,9120.000000000002,9119.999999999995,13
WOODLEIGH,TOA PAYOH,3460,0.8133829813809229,0.9572019608860233,77,0.9845941957876142,dasymetric,3406.695917425145,3311.9187846656405,6
TAMAN JURONG,JURONG WEST,38570,1.4842964731636668,0.9999999999999994,215,1.0,dasymetric,38570.0,38569.99999999998,38
LAKESIDE (LEISURE),JURONG EAST,550,1.977071493318102,0.8178849005456551,5,0.9974513777984642,dasymetric,548.5982577891552,449.8366953001103,12
TOA PAYOH WEST,TOA PAYOH,14040,1.037281094471225,1.0000000000000002,21,1.0,dasymetric,14040.0,14040.000000000004,21
KAKI BUKIT,BEDOK,34880,2.820950863544863,0.9999999999999999,221,1.0,dasymetric,34880.0,34879.99999999999,38
YUHUA EAST,JURONG EAST,23050,0.9247625030107404,1.0000000000000002,26,1.0,dasymetric,23050.0,23050.000000000004,17
BUKIT BATOK SOUTH,BUKIT BATOK,14300,1.8063808803600008,0.9718658780571,178,1.0,dasymetric,14300.0,13897.68205621653,20
JURONG WEST CENTRAL,JURONG WEST,60840,1.4045366428773722,1.0,17,1.0,dasymetric,60840.0,60840.0,34
BEDOK RESERVOIR,BEDOK,24910,2.379331528902742,0.8019916063667515,16,1.0000000000000004,dasymetric,24910.00000000001,19977.610914595778,19
LOWER SELETAR,YISHUN,18990,8.451158081320552,0.36141841440745565,17,1.0000000000000002,dasymetric,18990.000000000004,6863.335689597583,21
NORTHSHORE,PUNGGOL,24710,1.3734075338637899,1.0000000000000002,109,1.0,dasymetric,24710.0,24710.000000000007,19
MANDAI ESTATE,MANDAI,2120,0.14313794105562674,1.0,242,1.0,dasymetric,2120.0,2120.0,2
YISHUN CENTRAL,YISHUN,2830,0.4363685338327186,1.0,4,0.9999999999999999,dasymetric,2829.9999999999995,2830.0,13
PASIR RIS CENTRAL,PASIR RIS,31630,1.5114873840957503,0.9991347375612863,104,0.9999999999999999,dasymetric,31629.999999999996,31602.631749063486,27
GOMBAK,BUKIT BATOK,9710,2.4562530457407843,0.7008271445767671,733,0.9961477366685696,dasymetric,9672.59452305181,6805.031573840409,13
PAYA LEBAR NORTH,PAYA LEBAR,20,1.287212659015579,0.9413017270805435,0,,even spread,18.82603454161087,18.82603454161087,11
HOUGANG EAST,HOUGANG,23420,0.842667626134552,0.9999999999999998,8,0.9999999999999998,dasymetric,23419.999999999996,23419.999999999996,18
LORONG HALUS,HOUGANG,0,1.3335329862220335,0.7209481855739875,0,,even spread,0.0,0.0,3
KANGKAR,HOUGANG,34960,1.0074100022606642,1.0000000000000002,132,1.0,dasymetric,34960.0,34960.00000000001,19
CHANGI WEST,CHANGI,1420,4.803931354178622,0.7759209614933279,75,1.0,dasymetric,1420.0,1101.8077653205255,32
HOLLAND DRIVE,QUEENSTOWN,11990,0.4706747520692025,0.9999999999999993,11,1.0000000000000004,dasymetric,11990.000000000005,11989.999999999993,9
HOUGANG WEST,HOUGANG,42820,1.328876197677441,0.9999999999999991,27,1.0000000000000004,dasymetric,42820.00000000002,42819.99999999996,32
PAYA LEBAR WEST,PAYA LEBAR,0,0.6017265923720762,0.9999999999999989,0,,even spread,0.0,0.0,5
BANGKIT,BUKIT PANJANG,20740,0.76318342945575,0.999078645844201,9,1.0000000000000004,dasymetric,20740.00000000001,20720.891114808728,11
LORONG HALUS NORTH,SENGKANG,0,0.9248660164983021,0.4979337690814726,0,,even spread,0.0,0.0,0
PENG SIANG,CHOA CHU KANG,33220,0.862737088672161,1.0000000000000004,8,1.0000000000000002,dasymetric,33220.00000000001,33220.000000000015,21
PASIR RIS WEST,PASIR RIS,34810,1.5834401644458265,0.9982330879490219,584,0.9997590344834907,dasymetric,34801.61199037031,34748.493791505454,37
YIO CHU KANG WEST,ANG MO KIO,24090,0.8461371973205933,0.9999999999999999,134,1.0,dasymetric,24090.0,24089.999999999996,16
CHANGI POINT,CHANGI,540,0.9979375195400892,0.9586266410717061,5,1.0,dasymetric,540.0,517.6583861787213,17
SENGKANG TOWN CENTRE,SENGKANG,59770,1.4605344410064274,0.9971224293783139,101,0.9995245828588348,dasymetric,59741.58431747256,59598.00760394182,36
ANCHORVALE,SENGKANG,52390,1.4966812866426065,1.0,21,1.0,dasymetric,52390.0,52390.0,31
SENGKANG WEST,SENGKANG,0,1.667086460398717,0.5014123743937903,0,,even spread,0.0,0.0,5
FERNVALE,SENGKANG,71200,2.3916270445366363,0.9679928456959899,405,1.0000000000000002,dasymetric,71200.00000000001,68921.09061355448,40
PUNGGOL FIELD,PUNGGOL,48290,1.378710535715982,0.9910988303855957,29,1.0000000000000004,dasymetric,48290.00000000002,47860.162519320416,18
YEW TEE,CHOA CHU KANG,39100,0.9232147480657463,1.0000000000000004,17,0.9999999999999998,dasymetric,39099.99999999999,39100.000000000015,11
PASIR RIS WAFER FAB PARK,PASIR RIS,0,5.3254215705256795,0.16226422654151154,0,,even spread,0.0,0.0,5
TRAFALGAR,HOUGANG,48440,1.7443874074114527,0.9999999999999999,385,0.9999999999999998,dasymetric,48439.99999999999,48439.99999999999,45
TECK WHYE,CHOA CHU KANG,24170,1.003202619930816,1.0,22,1.0,dasymetric,24170.0,24170.0,18
CHOA CHU KANG CENTRAL,CHOA CHU KANG,21690,1.0956879647518543,0.9232055840860369,14,0.9999999999999998,dasymetric,21689.999999999996,20024.32911882614,17
FAJAR,BUKIT PANJANG,25950,0.6684544392705405,0.9999985626311244,13,0.9999999999999996,dasymetric,25949.99999999999,25949.96270027768,13
SENJA,BUKIT PANJANG,23670,0.6248775001244311,0.9999999999999998,9,1.0000000000000002,dasymetric,23670.000000000004,23669.999999999996,19
SAUJANA,BUKIT PANJANG,24650,0.6749920009489407,1.0,10,1.0,dasymetric,24650.0,24650.0,15
SELETAR HILLS,SERANGOON,15290,2.3306832644518876,0.7309773443076101,3315,0.7134561259539312,dasymetric,10908.744165835607,11176.643594463358,15
COMPASSVALE,SENGKANG,21760,1.0932134908855868,1.0000000000000007,12,1.0,dasymetric,21760.0,21760.000000000015,17
YIO CHU KANG EAST,ANG MO KIO,4340,1.8618720419425383,0.5952624247243523,581,0.663631050939297,dasymetric,2880.1587610765487,2583.438923303689,6
YIO CHU KANG,ANG MO KIO,390,0.909418567701901,1.0000000000000004,1,0.9999999999999997,dasymetric,389.9999999999999,390.00000000000017,20
LOYANG WEST,PASIR RIS,540,2.1061642109572003,0.8931946663523513,0,,even spread,482.3251198302697,482.3251198302697,17
TAGORE,ANG MO KIO,7940,3.3341924417321542,0.7195690115323012,1440,0.7294523055611788,dasymetric,5791.85130615576,5713.377951566472,24
PASIR RIS PARK,PASIR RIS,7880,1.719704878244586,0.8554383540423767,71,1.0000000000000004,dasymetric,7880.000000000004,6740.854229853928,14
CHOA CHU KANG NORTH,CHOA CHU KANG,30410,1.0886380001008331,0.9999999999999993,533,0.9999999999999999,dasymetric,30409.999999999996,30409.999999999978,21
RIVERVALE,SENGKANG,62470,1.5690347842273482,0.9812157436734947,102,0.9918683920869162,dasymetric,61962.018453669654,61296.54750728322,34
YIO CHU KANG NORTH,ANG MO KIO,0,1.4645089286251003,0.7463704574331401,0,,even spread,0.0,0.0,8
YUNNAN,JURONG WEST,65400,2.2063050091353498,0.9991538576140706,870,0.9998434256088468,dasymetric,65389.76003481858,65344.662287960215,51
LORONG CHUAN,SERANGOON,8470,1.1801261115191775,0.9683757451866547,1243,0.9776418156077226,dasymetric,8280.62617819741,8202.142561730965,12
HONG KAH,JURONG WEST,51190,1.7934636308582679,1.0000000000000009,44,1.0,dasymetric,51190.0,51190.000000000044,30
SELETAR,SELETAR,280,3.916069337536971,0.2882727443944353,0,,even spread,80.71636843044188,80.71636843044188,7
PANG SUA,SUNGEI KADUT,10,2.1753800585050147,0.5524929080060023,0,,even spread,5.524929080060023,5.524929080060023,10
SELETAR AEROSPACE PARK,SELETAR,10,3.623010720340369,0.7127574930983127,0,,even spread,7.127574930983127,7.127574930983127,20
KHATIB,YISHUN,9610,1.432913062393352,0.9415052168029977,9,0.9306650877528846,dasymetric,8943.691493305221,9047.865133476807,13
MANDAI WEST,MANDAI,0,4.388415129760287,0.331234719262344,0,,even spread,0.0,0.0,6
CONEY ISLAND,PUNGGOL,0,1.20043519334604,0.011556661729722188,1,0.0,dasymetric,0.0,0.0,0
YISHUN SOUTH,YISHUN,41050,1.3401679884112838,1.0000000000000007,35,0.9999999999999996,dasymetric,41049.99999999998,41050.00000000003,24
RESERVOIR VIEW,SUNGEI KADUT,10,3.2841304199394616,0.6371838118547086,0,,even spread,6.371838118547086,6.371838118547086,16
WOODLANDS EAST,WOODLANDS,98590,2.5534637239503053,0.9875949917169425,32,0.9999999999999998,dasymetric,98589.99999999997,97366.99023337336,51
SEMBAWANG CENTRAL,SEMBAWANG,34860,0.9614217227103921,0.9999999999999999,11,1.0,dasymetric,34860.0,34859.99999999999,28
GREENWOOD PARK,WOODLANDS,50,1.2812965103096918,0.9906758657597158,1,0.9592088088764279,dasymetric,47.9604404438214,49.53379328798579,7
SEMBAWANG EAST,SEMBAWANG,24620,0.7581234599453851,1.0,47,1.0,dasymetric,24620.0,24620.0,16
SENOKO WEST,WOODLANDS,30,0.9059211178647835,1.0,0,,even spread,30.0,30.0,8
MATILDA,PUNGGOL,52350,1.4180326861783072,0.9918098170876571,24,1.0,dasymetric,52350.0,51921.24392453885,28
WATERWAY EAST,PUNGGOL,53800,1.4892468827448169,0.9885044067170086,27,1.0,dasymetric,53800.0,53181.53708137506,28
GALI BATU,SUNGEI KADUT,40,5.18612807732749,0.4860664539758261,0,,even spread,19.442658159033044,19.442658159033044,26
CRAWFORD,KALLANG,7590,0.23599695208773003,1.0000000000000002,22,0.9999999999999998,dasymetric,7589.999999999998,7590.000000000002,7
TUAS BAY,TUAS,10,5.86423952533559,0.7716507006608431,0,,even spread,7.716507006608431,7.716507006608431,46
TUAS VIEW,TUAS,10,4.472029373275596,0.9551823013164563,0,,even spread,9.551823013164563,9.551823013164563,34
BAHAR,WESTERN WATER CATCHMENT,0,0.5001390299986911,0.4237662923951174,0,,even spread,0.0,0.0,1
CLEANTECH,WESTERN WATER CATCHMENT,0,0.6976373829046868,0.7791541898443745,0,,even spread,0.0,0.0,4
LAKESIDE (BUSINESS),JURONG EAST,0,1.1309517829882108,0.7105368547478272,0,,even spread,0.0,0.0,8
PARK,TENGAH,4020,1.4591586324641956,0.4874450898633142,12,0.6573650127954985,dasymetric,2642.607351437904,1959.5292612505232,9
BRICKLAND,TENGAH,0,0.7847123909449886,0.9133456172243689,12,0.8891118555862861,dasymetric,0.0,0.0,5
FOREST HILL,TENGAH,0,1.0464175759715393,0.4871157639707848,7,0.25763629481604083,dasymetric,0.0,0.0,1
PLANTATION,TENGAH,12140,0.899102544424115,0.9999999999999998,9,1.0,dasymetric,12140.0,12139.999999999998,14
GARDEN,TENGAH,6790,0.780759705833728,0.842131376350583,9,0.9276238748671861,dasymetric,6298.566110348193,5718.072045420458,9
AIRPORT ROAD,PAYA LEBAR,0,0.4828566935418351,0.7431685392102106,0,,even spread,0.0,0.0,3
NORTH COAST,WOODLANDS,11160,2.450947547573696,0.7709681337035806,15,0.8237777469068484,dasymetric,9193.359655480428,8604.00437213196,18
SPRINGLEAF,YISHUN,4300,2.2092107052317282,0.7122740379168913,1131,0.6175405374667238,dasymetric,2655.4243111069122,3062.7783630426325,8
PUNGGOL TOWN CENTRE,PUNGGOL,25010,1.2620371154680103,0.9999999999999997,15,0.9999999999999998,dasymetric,25009.999999999993,25009.999999999993,21
PUNGGOL CANAL,PUNGGOL,0,1.2524076028721498,0.701781899837936,12,0.7272486163887316,dasymetric,0.0,0.0,4
CENTRAL WATER CATCHMENT,CENTRAL WATER CATCHMENT,0,37.15868894585572,0.1333423742843804,0,,even spread,0.0,0.0,20
SEMBAWANG STRAITS,SEMBAWANG,2370,1.5407336748049663,0.7723972131410631,491,0.8551269669459035,dasymetric,2026.6509116617913,1830.5813951443197,9
THE WHARVES,SEMBAWANG,0,1.6358081381630194,0.4684017253946569,0,,even spread,0.0,0.0,3
SENOKO NORTH,SEMBAWANG,10,2.2412248910251447,0.8240510238168138,0,,even spread,8.240510238168138,8.240510238168138,22
CHANGI AIRPORT,CHANGI,0,35.66923079713089,0.2097614157159545,0,,even spread,0.0,0.0,41
PEOPLE'S PARK,OUTRAM,300,0.09135241804504858,0.9999999999999997,0,,even spread,299.9999999999999,299.9999999999999,3
MOUNTBATTEN,MARINE PARADE,10570,1.7119460131180455,0.9544693624732623,1730,0.9658298992464123,dasymetric,10208.822035034578,10088.741161342383,14
ALJUNIED,GEYLANG,44220,2.9614661504977926,1.0000000000000002,1442,1.0,dasymetric,44220.0,44220.00000000001,45
PULAU PUNGGOL TIMOR,SELETAR,0,1.259743140375385,0.03004484546327647,0,,even spread,0.0,0.0,0
TURF CLUB,SUNGEI KADUT,660,3.2914055057337,0.5632866851615136,232,0.7851859395206052,dasymetric,518.2227200835995,371.769212206599,14
WOODLANDS SOUTH,WOODLANDS,41850,1.5760014758114471,1.0000000000000004,19,1.0000000000000002,dasymetric,41850.00000000001,41850.00000000002,35
WOODGROVE,WOODLANDS,32250,1.6641872478681976,0.9578036798300975,356,0.9999434802499781,dasymetric,32248.177238061795,30889.168674520646,24
YISHUN EAST,YISHUN,73440,1.7692460549360378,0.9999999999999998,32,0.9999999999999998,dasymetric,73439.99999999999,73439.99999999999,36
MURAI,WESTERN WATER CATCHMENT,580,68.55055929758034,0.16831007220487174,0,,even spread,97.61984187882561,97.61984187882561,70
PULAU PUNGGOL BARAT,SELETAR,0,2.0500511863357205,0.0022741591308977635,0,,even spread,0.0,0.0,0
PULAU SELETAR,SIMPANG,0,1.6112786753999842,0.0,0,,even spread,0.0,0.0,0
ADMIRALTY,SEMBAWANG,13420,1.2616487480228087,0.9987717305508815,11,0.9989453752254557,dasymetric,13405.846935525615,13403.51662399283,21
LIM CHU KANG,LIM CHU KANG,30,17.495367034473897,0.25483785762719663,0,,even spread,7.645135728815899,7.645135728815899,29
SIMPANG NORTH,SIMPANG,0,3.4504553595285756,0.05945601298726211,0,,even spread,0.0,0.0,0
SENOKO SOUTH,SEMBAWANG,20,1.7433601901242806,0.9689244884107672,0,,even spread,19.378489768215342,19.378489768215342,15
SEMBAWANG NORTH,SEMBAWANG,25530,1.3944785370228472,1.0000000000000004,13,1.0000000000000002,dasymetric,25530.000000000007,25530.00000000001,21
TANJONG IRAU,SIMPANG,0,1.0743751211848624,0.0,0,,even spread,0.0,0.0,0
YISHUN WEST,YISHUN,50700,1.5177673891873773,1.0000000000000009,61,1.0000000000000004,dasymetric,50700.00000000002,50700.000000000044,35
WOODLANDS REGIONAL CENTRE,WOODLANDS,10,0.5956521439125166,1.0,3,1.0000000000000002,dasymetric,10.000000000000002,10.0,10
NORTH-EASTERN ISLANDS,NORTH-EASTERN ISLANDS,40,67.25052413226453,0.0,0,,even spread,0.0,0.0,0
SIMPANG SOUTH,SIMPANG,0,2.1470820666353214,0.1968270060284075,0,,even spread,0.0,0.0,0
NORTHLAND,YISHUN,26740,1.5110003631174338,0.9943825541633359,31,1.0000000000000002,dasymetric,26740.000000000007,26589.789498327602,18
MIDVIEW,WOODLANDS,33900,0.9364155261239302,0.9999999999999997,16,1.0,dasymetric,33900.0,33899.999999999985,25
WOODLANDS WEST,WOODLANDS,36600,1.6486299087167378,0.9972609059750169,34,0.9996381841307272,dasymetric,36586.75753918462,36499.74915868562,36
SEMBAWANG SPRINGS,SEMBAWANG,12520,1.0993947204227805,0.9638337835016684,549,1.0000000000000002,dasymetric,12520.000000000004,12067.198969440888,10
KRANJI,SUNGEI KADUT,0,3.6520310329326087,0.7906777208519556,0,,even spread,0.0,0.0,25
PLAB,PAYA LEBAR,0,7.054259455818766,0.34611364433631964,0,,even spread,0.0,0.0,15
MANDAI EAST,MANDAI,0,7.235755062817557,0.2633074727126348,0,,even spread,0.0,0.0,7
NEE SOON,YISHUN,1060,2.2067499336633682,0.6914241423723501,142,0.9770515627839795,dasymetric,1035.6746565510184,732.9095909146911,12
UPPER THOMSON,BISHAN,31510,3.849506971745297,0.8403724773924315,2411,0.8158196361755633,dasymetric,25706.476735892,26480.136762635517,49
SHANGRI-LA,ANG MO KIO,17590,0.6879136651701946,0.9999999999999999,89,1.0,dasymetric,17590.0,17589.999999999996,12
TOWNSVILLE,ANG MO KIO,19760,0.5463938262352258,1.0000000000000009,11,1.0000000000000002,dasymetric,19760.000000000004,19760.00000000002,9
MARYMOUNT,BISHAN,28760,1.9641445922014962,0.9997669194210617,814,0.9999067405978949,dasymetric,28757.317859595456,28753.296602549734,26
TUAS VIEW EXTENSION,TUAS,10,27.710219072131395,0.17730712656291986,0,,even spread,1.7730712656291985,1.7730712656291985,12
