YEAR_MONTH,DAY_TYPE,hour,tap_in_per_day,tap_out_per_day
2026-02,WEEKDAY,0,13223.666666666666,19234.277777777777
2026-02,WEEKDAY,1,705.6111111111111,1620.0555555555557
2026-02,WEEKDAY,2,17.88888888888889,25.88888888888889
2026-02,WEEKDAY,3,2.6666666666666665,4.777777777777778
2026-02,WEEKDAY,4,221.27777777777777,100.61111111111111
2026-02,WEEKDAY,5,42885.11111111111,23879.333333333332
2026-02,WEEKDAY,6,247239.11111111112,186051.27777777778
2026-02,WEEKDAY,7,386473.8333333333,377334.44444444444
2026-02,WEEKDAY,8,338236.22222222225,364838.6111111111
2026-02,WEEKDAY,9,215556.5,240653.61111111112
2026-02,WEEKDAY,10,172692.55555555556,175731.88888888888
2026-02,WEEKDAY,11,179887.16666666666,176413.72222222222
2026-02,WEEKDAY,12,201113.72222222222,196358.94444444444
2026-02,WEEKDAY,13,223340.22222222222,217330.33333333334
2026-02,WEEKDAY,14,204801.05555555556,211201.0
2026-02,WEEKDAY,15,217589.11111111112,212467.22222222222
2026-02,WEEKDAY,16,246077.05555555556,235534.55555555556
2026-02,WEEKDAY,17,338056.6666666667,305188.3333333333
2026-02,WEEKDAY,18,374993.94444444444,381922.44444444444
2026-02,WEEKDAY,19,253055.77777777778,292270.3333333333
2026-02,WEEKDAY,20,182253.44444444444,192775.66666666666
2026-02,WEEKDAY,21,154045.88888888888,157726.94444444444
2026-02,WEEKDAY,22,113831.05555555556,125995.22222222222
2026-02,WEEKDAY,23,56621.22222222222,68261.66666666667
2026-02,WEEKENDS/HOLIDAY,0,15928.7,23297.2
2026-02,WEEKENDS/HOLIDAY,1,699.4,1808.4
2026-02,WEEKENDS/HOLIDAY,2,4.2,5.8
2026-02,WEEKENDS/HOLIDAY,3,6.6,8.0
2026-02,WEEKENDS/HOLIDAY,4,7.9,0.5
2026-02,WEEKENDS/HOLIDAY,5,18716.6,9945.4
2026-02,WEEKENDS/HOLIDAY,6,80298.9,70157.1
2026-02,WEEKENDS/HOLIDAY,7,124496.8,116721.9
2026-02,WEEKENDS/HOLIDAY,8,163735.2,157243.5
2026-02,WEEKENDS/HOLIDAY,9,184031.3,179123.5
2026-02,WEEKENDS/HOLIDAY,10,200984.3,195039.4
2026-02,WEEKENDS/HOLIDAY,11,214039.3,210995.8
2026-02,WEEKENDS/HOLIDAY,12,222304.9,220199.4
2026-02,WEEKENDS/HOLIDAY,13,209441.0,213138.7
2026-02,WEEKENDS/HOLIDAY,14,199908.5,200803.9
2026-02,WEEKENDS/HOLIDAY,15,200545.1,199177.4
2026-02,WEEKENDS/HOLIDAY,16,209407.9,206275.5
2026-02,WEEKENDS/HOLIDAY,17,226454.9,223443.7
2026-02,WEEKENDS/HOLIDAY,18,216587.4,222985.8
2026-02,WEEKENDS/HOLIDAY,19,185116.4,192404.0
2026-02,WEEKENDS/HOLIDAY,20,167827.9,171585.8
2026-02,WEEKENDS/HOLIDAY,21,148021.5,150655.3
2026-02,WEEKENDS/HOLIDAY,22,118468.9,129454.0
2026-02,WEEKENDS/HOLIDAY,23,63503.0,76066.2
2026-06,WEEKDAY,0,12276.333333333334,17793.14285714286
2026-06,WEEKDAY,1,601.952380952381,1445.5714285714287
2026-06,WEEKDAY,2,5.904761904761905,9.095238095238095
2026-06,WEEKDAY,3,3.4761904761904763,3.4761904761904763
2026-06,WEEKDAY,4,164.85714285714283,85.6190476190476
2026-06,WEEKDAY,5,42966.09523809524,23770.47619047619
2026-06,WEEKDAY,6,181904.19047619047,149591.7142857143
2026-06,WEEKDAY,7,330280.71428571426,295766.5238095238
2026-06,WEEKDAY,8,340802.1904761905,365834.09523809527
2026-06,WEEKDAY,9,213474.14285714287,237840.47619047618
2026-06,WEEKDAY,10,165305.2380952381,169954.2857142857
2026-06,WEEKDAY,11,168053.47619047618,165200.2380952381
2026-06,WEEKDAY,12,182568.14285714287,181033.47619047618
2026-06,WEEKDAY,13,176927.42857142858,177292.61904761905
2026-06,WEEKDAY,14,161520.7142857143,164306.0
2026-06,WEEKDAY,15,172019.33333333334,167269.61904761905
2026-06,WEEKDAY,16,208641.09523809524,196647.52380952382
2026-06,WEEKDAY,17,309969.0,277158.5714285714
2026-06,WEEKDAY,18,366013.5714285714,367797.0
2026-06,WEEKDAY,19,257748.42857142858,293435.1904761905
2026-06,WEEKDAY,20,178801.80952380953,190584.09523809524
2026-06,WEEKDAY,21,149060.2857142857,153765.47619047618
2026-06,WEEKDAY,22,107393.0,119154.28571428571
2026-06,WEEKDAY,23,53048.0,63828.380952380954
2026-06,WEEKENDS/HOLIDAY,0,14912.333333333334,21761.333333333332
2026-06,WEEKENDS/HOLIDAY,1,663.7777777777777,1722.0
2026-06,WEEKENDS/HOLIDAY,2,0.1111111111111111,2.6666666666666665
2026-06,WEEKENDS/HOLIDAY,4,16.22222222222222,1.1111111111111112
2026-06,WEEKENDS/HOLIDAY,5,20703.88888888889,10982.444444444445
2026-06,WEEKENDS/HOLIDAY,6,87374.55555555556,75877.66666666667
2026-06,WEEKENDS/HOLIDAY,7,139139.11111111112,130312.33333333333
2026-06,WEEKENDS/HOLIDAY,8,173255.66666666666,168352.44444444444
2026-06,WEEKENDS/HOLIDAY,9,187929.0,184828.33333333334
2026-06,WEEKENDS/HOLIDAY,10,196976.11111111112,193397.88888888888
2026-06,WEEKENDS/HOLIDAY,11,203765.0,201773.22222222222
2026-06,WEEKENDS/HOLIDAY,12,211733.44444444444,209331.88888888888
2026-06,WEEKENDS/HOLIDAY,13,204764.55555555556,207134.77777777778
2026-06,WEEKENDS/HOLIDAY,14,192300.55555555556,194023.11111111112
2026-06,WEEKENDS/HOLIDAY,15,191478.11111111112,190467.88888888888
2026-06,WEEKENDS/HOLIDAY,16,201834.33333333334,198458.77777777778
2026-06,WEEKENDS/HOLIDAY,17,221816.55555555556,217614.66666666666
2026-06,WEEKENDS/HOLIDAY,18,216980.55555555556,220826.0
2026-06,WEEKENDS/HOLIDAY,19,195256.66666666666,201253.44444444444
2026-06,WEEKENDS/HOLIDAY,20,168231.22222222222,174059.22222222222
2026-06,WEEKENDS/HOLIDAY,21,147313.66666666666,151470.22222222222
2026-06,WEEKENDS/HOLIDAY,22,112802.33333333333,123992.0
2026-06,WEEKENDS/HOLIDAY,23,59777.11111111111,71413.11111111111
2026-07,WEEKDAY,0,12780.91304347826,18635.565217391304
2026-07,WEEKDAY,1,629.4347826086956,1485.8260869565217
2026-07,WEEKDAY,2,6.434782608695652,9.782608695652174
2026-07,WEEKDAY,3,2.782608695652174,5.391304347826087
2026-07,WEEKDAY,4,169.6086956521739,92.95652173913044
2026-07,WEEKDAY,5,45045.86956521739,24658.956521739132
2026-07,WEEKDAY,6,246984.5652173913,187667.60869565216
2026-07,WEEKDAY,7,403529.2608695652,388068.47826086957
2026-07,WEEKDAY,8,359506.8695652174,389791.0869565217
2026-07,WEEKDAY,9,219054.1739130435,246528.5652173913
2026-07,WEEKDAY,10,165797.26086956522,171128.04347826086
2026-07,WEEKDAY,11,171552.69565217392,167265.26086956522
2026-07,WEEKDAY,12,197720.30434782608,192190.69565217392
2026-07,WEEKDAY,13,222989.30434782608,216389.39130434784
2026-07,WEEKDAY,14,195208.5652173913,203990.86956521738
2026-07,WEEKDAY,15,203187.47826086957,199088.39130434784
2026-07,WEEKDAY,16,240225.34782608695,227179.21739130435
2026-07,WEEKDAY,17,346695.52173913043,309617.652173913
2026-07,WEEKDAY,18,396618.0,401480.39130434784
2026-07,WEEKDAY,19,272324.26086956525,313529.26086956525
2026-07,WEEKDAY,20,186693.8260869565,199267.26086956522
2026-07,WEEKDAY,21,156275.21739130435,161086.39130434784
2026-07,WEEKDAY,22,111772.13043478261,124242.21739130435
2026-07,WEEKDAY,23,55087.65217391304,66451.21739130435
2026-07,WEEKENDS/HOLIDAY,0,15488.125,22702.0
2026-07,WEEKENDS/HOLIDAY,1,681.5,1770.0
2026-07,WEEKENDS/HOLIDAY,2,0.0,2.375
2026-07,WEEKENDS/HOLIDAY,4,20.375,0.75
2026-07,WEEKENDS/HOLIDAY,5,21827.375,11524.375
2026-07,WEEKENDS/HOLIDAY,6,93487.5,80775.125
2026-07,WEEKENDS/HOLIDAY,7,153321.125,142144.875
2026-07,WEEKENDS/HOLIDAY,8,192826.625,188536.75
2026-07,WEEKENDS/HOLIDAY,9,202527.0,200428.375
2026-07,WEEKENDS/HOLIDAY,10,214159.375,209216.75
2026-07,WEEKENDS/HOLIDAY,11,220915.75,219015.5
2026-07,WEEKENDS/HOLIDAY,12,232496.875,228592.0
2026-07,WEEKENDS/HOLIDAY,13,224307.625,227860.375
2026-07,WEEKENDS/HOLIDAY,14,209223.25,211343.0
2026-07,WEEKENDS/HOLIDAY,15,205687.25,204951.5
2026-07,WEEKENDS/HOLIDAY,16,216505.25,212768.0
2026-07,WEEKENDS/HOLIDAY,17,237196.375,232961.25
2026-07,WEEKENDS/HOLIDAY,18,231688.625,236115.625
2026-07,WEEKENDS/HOLIDAY,19,203043.0,211177.0
2026-07,WEEKENDS/HOLIDAY,20,175355.125,180916.875
2026-07,WEEKENDS/HOLIDAY,21,157463.875,160729.625
2026-07,WEEKENDS/HOLIDAY,22,121808.125,133951.0
2026-07,WEEKENDS/HOLIDAY,23,63937.25,76978.125
2026-08,WEEKDAY,0,12856.9,18629.05
2026-08,WEEKDAY,1,630.1,1522.9
2026-08,WEEKDAY,2,14.450000000000001,15.9
2026-08,WEEKDAY,3,7.05,9.9
2026-08,WEEKDAY,4,182.0,82.30000000000001
2026-08,WEEKDAY,5,45283.15,24873.45
2026-08,WEEKDAY,6,252980.8,191446.65
2026-08,WEEKDAY,7,412113.0,397698.3
2026-08,WEEKDAY,8,360544.45,391084.9
2026-08,WEEKDAY,9,222975.35,250273.75
2026-08,WEEKDAY,10,174244.5,178097.5
2026-08,WEEKDAY,11,181915.95,178643.3
2026-08,WEEKDAY,12,199184.3,195815.0
2026-08,WEEKDAY,13,223846.35,215918.15
2026-08,WEEKDAY,14,203357.35,211044.55
2026-08,WEEKDAY,15,211723.95,207946.5
2026-08,WEEKDAY,16,242453.6,230342.9
2026-08,WEEKDAY,17,348293.6,311404.65
2026-08,WEEKDAY,18,397794.8,403113.95
2026-08,WEEKDAY,19,274567.55,315619.9
2026-08,WEEKDAY,20,187780.45,199996.05
2026-08,WEEKDAY,21,158037.6,162888.5
2026-08,WEEKDAY,22,112726.6,125464.5
2026-08,WEEKDAY,23,55139.0,66744.0
2026-08,WEEKENDS/HOLIDAY,0,16757.363636363636,24338.81818181818
2026-08,WEEKENDS/HOLIDAY,1,819.4545454545455,2067.818181818182
2026-08,WEEKENDS/HOLIDAY,2,0.4545454545454546,6.181818181818182
2026-08,WEEKENDS/HOLIDAY,4,14.0,4.636363636363637
2026-08,WEEKENDS/HOLIDAY,5,21324.363636363636,11226.181818181818
2026-08,WEEKENDS/HOLIDAY,6,91947.0,79499.72727272728
2026-08,WEEKENDS/HOLIDAY,7,147522.0909090909,137540.0
2026-08,WEEKENDS/HOLIDAY,8,185059.81818181818,179886.27272727274
2026-08,WEEKENDS/HOLIDAY,9,200090.63636363635,196435.45454545456
2026-08,WEEKENDS/HOLIDAY,10,214322.36363636365,208980.0
2026-08,WEEKENDS/HOLIDAY,11,223080.9090909091,221152.0909090909
2026-08,WEEKENDS/HOLIDAY,12,233575.45454545456,230335.18181818182
2026-08,WEEKENDS/HOLIDAY,13,224832.54545454544,227866.54545454544
2026-08,WEEKENDS/HOLIDAY,14,209422.0,212193.27272727274
2026-08,WEEKENDS/HOLIDAY,15,206917.45454545456,205696.18181818182
2026-08,WEEKENDS/HOLIDAY,16,216990.36363636365,213511.18181818182
2026-08,WEEKENDS/HOLIDAY,17,237038.72727272726,233408.54545454544
2026-08,WEEKENDS/HOLIDAY,18,231438.9090909091,235141.45454545456
2026-08,WEEKENDS/HOLIDAY,19,206434.9090909091,214502.63636363635
2026-08,WEEKENDS/HOLIDAY,20,178025.0,182895.0909090909
2026-08,WEEKENDS/HOLIDAY,21,159067.45454545456,162466.45454545456
2026-08,WEEKENDS/HOLIDAY,22,123748.27272727274,136149.81818181818
2026-08,WEEKENDS/HOLIDAY,23,66209.36363636363,79349.0
