stop,dest_pa,trips_jul,trips_aug,change,Description,RoadName,flag,pct_change
02051,ROCHOR,59.91304347826087,3.05,-56.86304347826087,The Float @ Marina Bay,Raffles Ave,drop,-0.9564891667564944
02051,DOWNTOWN CORE,59.217391304347835,2.8000000000000003,-56.41739130434784,The Float @ Marina Bay,Raffles Ave,drop,-0.9564891667564944
02051,KALLANG,42.47826086956522,1.5,-40.97826086956522,The Float @ Marina Bay,Raffles Ave,drop,-0.9564891667564944
12101,BUKIT TIMAH,2539.1304347826085,1615.4999999999998,-923.6304347826087,Ngee Ann Poly,Clementi Rd,drop,-0.3734603850865799
12101,BUKIT PANJANG,611.6521739130435,372.7,-238.9521739130435,Ngee Ann Poly,Clementi Rd,drop,-0.3734603850865799
12101,BUKIT BATOK,470.52173913043475,300.00000000000006,-170.5217391304347,Ngee Ann Poly,Clementi Rd,drop,-0.3734603850865799
12109,CLEMENTI,1576.608695652174,961.25,-615.358695652174,Opp Ngee Ann Poly,Clementi Rd,drop,-0.3689423002252076
12109,QUEENSTOWN,630.782608695652,456.49999999999994,-174.28260869565207,Opp Ngee Ann Poly,Clementi Rd,drop,-0.3689423002252076
12109,BUKIT TIMAH,240.0,129.54999999999998,-110.45000000000002,Opp Ngee Ann Poly,Clementi Rd,drop,-0.3689423002252076
27349,JURONG WEST,918.7391304347825,496.04999999999995,-422.68913043478256,Blk 745,Jurong West St 72,drop,-0.3942249492143775
27349,CLEMENTI,29.347826086956523,30.550000000000004,1.202173913043481,Blk 745,Jurong West St 72,drop,-0.3942249492143775
27349,JURONG EAST,99.65217391304346,107.7,8.047826086956547,Blk 745,Jurong West St 72,drop,-0.3942249492143775
27439,JURONG WEST,956.6521739130434,365.25000000000006,-591.4021739130433,Blk 861,Jurong West Ave 5,drop,-0.5466649674535332
27439,ORCHARD,9.347826086956522,0.0,-9.347826086956522,Blk 861,Jurong West Ave 5,drop,-0.5466649674535332
27439,JURONG EAST,75.91304347826087,70.45,-5.463043478260872,Blk 861,Jurong West Ave 5,drop,-0.5466649674535332
46261,WOODLANDS,700.1739130434781,528.55,-171.62391304347818,Blk 808,Woodlands Ave 9,drop,-0.2446952315991813
46269,WOODLANDS,216.0,161.6,-54.400000000000006,Republic Poly,Woodlands Ave 9,drop,-0.2782749748293991
46269,YISHUN,83.52173913043478,53.099999999999994,-30.421739130434787,Republic Poly,Woodlands Ave 9,drop,-0.2782749748293991
46269,SEMBAWANG,67.30434782608695,51.099999999999994,-16.20434782608696,Republic Poly,Woodlands Ave 9,drop,-0.2782749748293991
54351,SENGKANG,698.8695652173913,454.70000000000005,-244.1695652173912,Nanyang Poly,Ang Mo Kio Ave 5,drop,-0.3183977663230239
54351,HOUGANG,472.78260869565213,328.80000000000007,-143.98260869565206,Nanyang Poly,Ang Mo Kio Ave 5,drop,-0.3183977663230239
54351,SERANGOON,340.86956521739125,247.95000000000005,-92.91956521739121,Nanyang Poly,Ang Mo Kio Ave 5,drop,-0.3183977663230239
55329,HOUGANG,220.0869565217391,131.95,-88.13695652173911,Nanyang Poly,Ang Mo Kio Ave 8,drop,-0.3598452804986641
55329,ANG MO KIO,92.21739130434783,65.15,-27.067391304347822,Nanyang Poly,Ang Mo Kio Ave 8,drop,-0.3598452804986641
55329,TAMPINES,38.086956521739125,21.649999999999995,-16.43695652173913,Nanyang Poly,Ang Mo Kio Ave 8,drop,-0.3598452804986641
04121,NOVENA,76.47826086956522,117.10000000000001,40.62173913043479,SMU,Stamford Rd,surge,0.2965218222537835
04121,KALLANG,113.73913043478262,157.85,44.11086956521737,SMU,Stamford Rd,surge,0.2965218222537835
04121,ORCHARD,278.99999999999994,385.0,106.00000000000006,SMU,Stamford Rd,surge,0.2965218222537835
14201,CLEMENTI,29.086956521739133,33.15,4.063043478260866,Blk 110,Depot Rd,surge,0.2710404040404048
14201,BUKIT MERAH,357.95652173913044,468.29999999999995,110.34347826086952,Blk 110,Depot Rd,surge,0.2710404040404048
14201,QUEENSTOWN,413.86956521739125,529.4000000000001,115.53043478260884,Blk 110,Depot Rd,surge,0.2710404040404048
14369,DOWNTOWN CORE,1.956521739130435,0.9000000000000002,-1.0565217391304347,The Interlace,Depot Rd,surge,0.3037790697674418
14369,ORCHARD,28.47826086956522,30.2,1.7217391304347807,The Interlace,Depot Rd,surge,0.3037790697674418
14369,BUKIT MERAH,199.91304347826085,278.24999999999994,78.3369565217391,The Interlace,Depot Rd,surge,0.3037790697674418
16009,BUKIT MERAH,40.30434782608696,74.7,34.39565217391304,Kent Ridge Ter,Clementi Rd,surge,0.5853515954752657
16009,QUEENSTOWN,410.3478260869565,630.9499999999999,220.60217391304343,Kent Ridge Ter,Clementi Rd,surge,0.5853515954752657
16009,CLEMENTI,398.47826086956525,691.4499999999999,292.9717391304347,Kent Ridge Ter,Clementi Rd,surge,0.5853515954752657
16061,QUEENSTOWN,43.60869565217391,70.45,26.841304347826096,Opp Heng Mui Keng Terr,Pasir Panjang Rd,surge,1.0883686601059797
16061,JURONG EAST,56.86956521739132,113.90000000000002,57.0304347826087,Opp Heng Mui Keng Terr,Pasir Panjang Rd,surge,1.0883686601059797
16061,CLEMENTI,410.21739130434776,905.8,495.5826086956522,Opp Heng Mui Keng Terr,Pasir Panjang Rd,surge,1.0883686601059797
16069,DOWNTOWN CORE,37.913043478260875,78.35000000000001,40.436956521739134,Heng Mui Keng Terr,Pasir Panjang Rd,surge,0.7957047705795288
16069,BUKIT MERAH,130.95652173913044,246.2,115.24347826086955,Heng Mui Keng Terr,Pasir Panjang Rd,surge,0.7957047705795288
16069,QUEENSTOWN,504.0434782608695,878.0500000000002,374.0065217391307,Heng Mui Keng Terr,Pasir Panjang Rd,surge,0.7957047705795288
16091,BUKIT BATOK,91.65217391304347,144.45,52.79782608695652,NUS Sports Ctr,AYE,surge,0.5904720913374408
16091,JURONG EAST,243.13043478260872,325.24999999999994,82.11956521739123,NUS Sports Ctr,AYE,surge,0.5904720913374408
16091,CLEMENTI,441.95652173913044,830.0000000000001,388.0434782608697,NUS Sports Ctr,AYE,surge,0.5904720913374408
16099,DOWNTOWN CORE,11.521739130434781,14.000000000000002,2.4782608695652204,Opp NUS Sports Ctr,AYE,surge,1.0793650793650786
16099,BUKIT MERAH,70.34782608695652,140.55,70.2021739130435,Opp NUS Sports Ctr,AYE,surge,1.0793650793650786
16099,QUEENSTOWN,87.60869565217392,219.54999999999998,131.94130434782608,Opp NUS Sports Ctr,AYE,surge,1.0793650793650786
16131,BUKIT BATOK,25.130434782608695,55.75,30.619565217391305,Opp Kent Ridge Ter,Clementi Rd,surge,1.0426166738910556
16131,QUEENSTOWN,45.82608695652175,123.35,77.52391304347825,Opp Kent Ridge Ter,Clementi Rd,surge,1.0426166738910556
16131,CLEMENTI,173.52173913043478,335.9,162.3782608695652,Opp Kent Ridge Ter,Clementi Rd,surge,1.0426166738910556
16141,JURONG EAST,19.869565217391308,43.150000000000006,23.280434782608697,Tentera Diraja Mque,Clementi Rd,surge,1.7942128121606935
16141,QUEENSTOWN,27.65217391304348,87.14999999999999,59.49782608695651,Tentera Diraja Mque,Clementi Rd,surge,1.7942128121606935
16141,CLEMENTI,120.56521739130434,350.1,229.53478260869568,Tentera Diraja Mque,Clementi Rd,surge,1.7942128121606935
16149,BUKIT MERAH,13.043478260869566,36.6,23.556521739130435,SDE3,Clementi Rd,surge,1.6521605988431447
16149,CLEMENTI,48.30434782608696,129.79999999999998,81.49565217391302,SDE3,Clementi Rd,surge,1.6521605988431447
16149,QUEENSTOWN,65.43478260869566,171.3,105.86521739130436,SDE3,Clementi Rd,surge,1.6521605988431447
16151,JURONG EAST,98.82608695652172,132.0,33.17391304347828,The Japanese Pr Sch,Clementi Rd,surge,0.2940437552590463
16151,QUEENSTOWN,139.43478260869566,233.60000000000002,94.16521739130437,The Japanese Pr Sch,Clementi Rd,surge,0.2940437552590463
16151,CLEMENTI,693.6521739130435,869.2999999999998,175.64782608695634,The Japanese Pr Sch,Clementi Rd,surge,0.2940437552590463
16159,BUKIT MERAH,50.608695652173914,51.7,1.0913043478260889,Coll of Design & Engrg,Clementi Rd,surge,0.3759165704387993
16159,CLEMENTI,27.478260869565215,49.95,22.471739130434788,Coll of Design & Engrg,Clementi Rd,surge,0.3759165704387993
16159,QUEENSTOWN,222.0434782608696,311.59999999999997,89.55652173913037,Coll of Design & Engrg,Clementi Rd,surge,0.3759165704387993
16179,QUEENSTOWN,134.86956521739128,159.10000000000002,24.23043478260874,Opp Yusof Ishak Hse,Kent Ridge Cres,surge,0.3295930791413015
16179,BUKIT TIMAH,59.04347826086956,94.2,35.15652173913044,Opp Yusof Ishak Hse,Kent Ridge Cres,surge,0.3295930791413015
16179,CLEMENTI,460.9130434782608,610.5500000000001,149.63695652173925,Opp Yusof Ishak Hse,Kent Ridge Cres,surge,0.3295930791413015
16189,BUKIT TIMAH,71.52173913043478,154.6,83.07826086956521,Information Technology,Kent Ridge Cres,surge,0.8359348837209306
16189,QUEENSTOWN,313.4347826086956,513.65,200.21521739130435,Information Technology,Kent Ridge Cres,surge,0.8359348837209306
16189,CLEMENTI,518.6521739130435,980.0999999999999,461.4478260869564,Information Technology,Kent Ridge Cres,surge,0.8359348837209306
16199,BUKIT TIMAH,28.652173913043473,65.6,36.947826086956525,Aft Architecture Dr,Kent Ridge Cres,surge,1.3487065018315012
16199,QUEENSTOWN,48.0,117.60000000000002,69.60000000000002,Aft Architecture Dr,Kent Ridge Cres,surge,1.3487065018315012
16199,CLEMENTI,102.26086956521739,231.75,129.48913043478262,Aft Architecture Dr,Kent Ridge Cres,surge,1.3487065018315012
17091,TOA PAYOH,37.78260869565217,59.55,21.767391304347825,Aft Clementi Ave 1,Clementi Rd,surge,0.3268414741017481
17091,BUKIT TIMAH,238.43478260869566,306.65,68.21521739130432,Aft Clementi Ave 1,Clementi Rd,surge,0.3268414741017481
17091,CLEMENTI,619.1739130434783,813.5500000000002,194.37608695652193,Aft Clementi Ave 1,Clementi Rd,surge,0.3268414741017481
17099,JURONG EAST,0.08695652173913043,0.2,0.11304347826086958,UTown - Cendana,Clementi Rd,surge,0.6777088772845943
17099,CLEMENTI,107.65217391304348,164.95,57.297826086956505,UTown - Cendana,Clementi Rd,surge,0.6777088772845943
17099,QUEENSTOWN,290.91304347826093,504.2499999999999,213.33695652173895,UTown - Cendana,Clementi Rd,surge,0.6777088772845943
17119,CLEMENTI,128.04347826086956,124.19999999999996,-3.8434782608696025,Opp Blk 343,Clementi Rd,surge,0.2952631578947371
17119,JURONG EAST,11.826086956521738,15.649999999999999,3.82391304347826,Opp Blk 343,Clementi Rd,surge,0.2952631578947371
17119,QUEENSTOWN,351.2173913043478,499.0999999999999,147.8826086956521,Opp Blk 343,Clementi Rd,surge,0.2952631578947371
17121,BUKIT BATOK,243.3478260869565,333.25,89.9021739130435,Blk 610,AYE,surge,0.3436237036245056
17121,JURONG EAST,394.6086956521739,521.5,126.89130434782612,Blk 610,AYE,surge,0.3436237036245056
17121,CLEMENTI,735.0,1018.1,283.1,Blk 610,AYE,surge,0.3436237036245056
17131,JURONG EAST,62.17391304347828,74.4,12.226086956521726,Clementi Flyover,AYE,surge,0.5612398409130199
17131,BUKIT BATOK,47.1304347826087,67.69999999999999,20.569565217391286,Clementi Flyover,AYE,surge,0.5612398409130199
17131,CLEMENTI,93.86956521739131,192.79999999999998,98.93043478260867,Clementi Flyover,AYE,surge,0.5612398409130199
17139,BUKIT MERAH,144.82608695652175,150.75,5.923913043478251,Aft Clementi Ave 2,AYE,surge,0.3099795756269146
17139,CLEMENTI,50.52173913043479,74.45,23.928260869565214,Aft Clementi Ave 2,AYE,surge,0.3099795756269146
17139,QUEENSTOWN,511.43478260869557,713.5500000000001,202.1152173913045,Aft Clementi Ave 2,AYE,surge,0.3099795756269146
17149,BUKIT MERAH,129.52173913043478,125.75000000000003,-3.771739130434753,Blk 426,AYE,surge,0.2900134160657386
17149,CLEMENTI,85.8695652173913,122.85000000000001,36.98043478260871,Blk 426,AYE,surge,0.2900134160657386
17149,QUEENSTOWN,498.43478260869546,692.8,194.3652173913045,Blk 426,AYE,surge,0.2900134160657386
17191,BUKIT BATOK,35.69565217391304,52.849999999999994,17.154347826086955,NUS High Sch,Clementi Rd,surge,0.4346811279826464
17191,QUEENSTOWN,389.4347826086957,590.4500000000002,201.01521739130447,NUS High Sch,Clementi Rd,surge,0.4346811279826464
17191,CLEMENTI,542.304347826087,749.4499999999998,207.14565217391282,NUS High Sch,Clementi Rd,surge,0.4346811279826464
18041,JURONG EAST,32.47826086956522,36.749999999999986,4.271739130434767,Normanton Pk,AYE,surge,0.3987237394957984
18041,CLEMENTI,93.60869565217392,112.35,18.741304347826073,Normanton Pk,AYE,surge,0.3987237394957984
18041,QUEENSTOWN,226.04347826086956,371.15,145.10652173913041,Normanton Pk,AYE,surge,0.3987237394957984
18309,QUEENSTOWN,321.4782608695652,454.45000000000005,132.97173913043486,Blk S17,Lower Kent Ridge Rd,surge,0.4123432654712152
18331,QUEENSTOWN,505.65217391304344,640.85,135.19782608695658,Kent Ridge Stn Exit A/NUH,Lower Kent Ridge Rd,surge,0.2667367427492702
19051,DOWNTOWN CORE,14.304347826086957,25.55,11.245652173913044,New Town Sec Sch,Dover Rd,surge,0.5412365690146015
19051,BUKIT MERAH,131.30434782608697,189.7,58.39565217391302,New Town Sec Sch,Dover Rd,surge,0.5412365690146015
19051,QUEENSTOWN,747.2173913043478,1157.35,410.13260869565215,New Town Sec Sch,Dover Rd,surge,0.5412365690146015
19059,QUEENSTOWN,29.608695652173914,74.30000000000001,44.6913043478261,UTown - RC4,Dover Rd,surge,0.6016063630692448
19059,CLEMENTI,248.17391304347825,371.20000000000005,123.0260869565218,UTown - RC4,Dover Rd,surge,0.6016063630692448
19071,DOWNTOWN CORE,23.60869565217391,32.0,8.39130434782609,Opp ACS Independent,Dover Rd,surge,0.5914509056244031
19071,BUKIT MERAH,153.13043478260872,263.4,110.26956521739126,Opp ACS Independent,Dover Rd,surge,0.5914509056244031
19071,QUEENSTOWN,913.4782608695649,1458.4499999999998,544.9717391304349,Opp ACS Independent,Dover Rd,surge,0.5914509056244031
19079,CLEMENTI,42.608695652173914,116.15000000000002,73.5413043478261,Dover Ct Intl Sch,Dover Rd,surge,1.6927146084337346
19079,QUEENSTOWN,71.8695652173913,193.8,121.93043478260871,Dover Ct Intl Sch,Dover Rd,surge,1.6927146084337346
19089,CLEMENTI,405.3913043478261,478.65,73.25869565217386,ACS Independent,Dover Rd,surge,0.2641975863204858
19089,BUKIT TIMAH,210.8695652173913,304.8,93.9304347826087,ACS Independent,Dover Rd,surge,0.2641975863204858
19089,QUEENSTOWN,789.9999999999999,1006.75,216.7500000000001,ACS Independent,Dover Rd,surge,0.2641975863204858
22449,DOWNTOWN CORE,1.6956521739130437,2.1,0.4043478260869564,Blk 685B,Jurong West St 64,surge,0.5328627547262457
22449,JURONG EAST,19.913043478260867,26.9,6.986956521739131,Blk 685B,Jurong West St 64,surge,0.5328627547262457
22449,JURONG WEST,497.56521739130443,773.8000000000002,276.23478260869575,Blk 685B,Jurong West St 64,surge,0.5328627547262457
22489,ORCHARD,12.521739130434783,15.4,2.878260869565217,Blk 683A,Jurong West Ctrl 1,surge,0.2882202997064736
22489,JURONG WEST,140.69565217391303,152.5,11.804347826086968,Blk 683A,Jurong West Ctrl 1,surge,0.2882202997064736
22489,WESTERN WATER CATCHMENT,97.86956521739131,161.89999999999998,64.03043478260867,Blk 683A,Jurong West Ctrl 1,surge,0.2882202997064736
27061,WESTERN WATER CATCHMENT,16.956521739130434,51.35,34.39347826086957,Sch of ADM,Nanyang Dr,surge,0.9387588173495414
27061,JURONG WEST,271.73913043478257,509.3,237.56086956521744,Sch of ADM,Nanyang Dr,surge,0.9387588173495414
27071,WESTERN WATER CATCHMENT,26.43478260869566,108.6,82.16521739130434,Nanyang Cres Halls,Nanyang Cres,surge,1.0880108602457843
27071,JURONG WEST,124.69565217391305,208.05,83.35434782608696,Nanyang Cres Halls,Nanyang Cres,surge,1.0880108602457843
27101,BUKIT PANJANG,109.6521739130435,132.1,22.447826086956496,Opp Westwood Sec Sch,Jln Bahar,surge,0.3964787707708882
27101,CHOA CHU KANG,840.2173913043478,928.7499999999998,88.53260869565202,Opp Westwood Sec Sch,Jln Bahar,surge,0.3964787707708882
27101,WESTERN WATER CATCHMENT,540.9999999999998,1022.4500000000003,481.4500000000005,Opp Westwood Sec Sch,Jln Bahar,surge,0.3964787707708882
27189,WESTERN WATER CATCHMENT,4.173913043478261,5.5,1.3260869565217392,Opp PUB Sub-Stn,Nanyang Ave,surge,0.2681484617555738
27189,JURONG WEST,302.9130434782609,384.20000000000005,81.28695652173917,Opp PUB Sub-Stn,Nanyang Ave,surge,0.2681484617555738
27199,WESTERN WATER CATCHMENT,11.695652173913043,21.7,10.004347826086956,Hall 11,Nanyang Ave,surge,0.8507588628383742
27199,JURONG WEST,371.1304347826087,687.7499999999999,316.6195652173912,Hall 11,Nanyang Ave,surge,0.8507588628383742
27211,WESTERN WATER CATCHMENT,54.869565217391305,143.89999999999998,89.03043478260867,Lee Wee Nam Lib,Nanyang Dr,surge,1.3206620797092057
27211,JURONG WEST,1618.5652173913045,3741.1499999999996,2122.584782608695,Lee Wee Nam Lib,Nanyang Dr,surge,1.3206620797092057
27219,WESTERN WATER CATCHMENT,112.0,205.7,93.69999999999999,NIE Blk 2,Nanyang Dr,surge,1.3167943898207055
27219,JURONG WEST,488.2608695652174,1186.6,698.3391304347825,NIE Blk 2,Nanyang Dr,surge,1.3167943898207055
27221,WESTERN WATER CATCHMENT,10.478260869565219,17.6,7.121739130434783,Sch of CEE,Nanyang Dr,surge,0.4876868724432878
27221,JURONG WEST,573.086956521739,851.05,277.96304347826094,Sch of CEE,Nanyang Dr,surge,0.4876868724432878
27231,WESTERN WATER CATCHMENT,7.782608695652173,18.8,11.017391304347829,Wee Kim Wee Sch of C&I,Nanyang Dr,surge,0.674826458608226
27231,JURONG WEST,749.086956521739,1249.5,500.413043478261,Wee Kim Wee Sch of C&I,Nanyang Dr,surge,0.674826458608226
27241,WESTERN WATER CATCHMENT,2.130434782608696,7.7,5.569565217391304,SPMS,Nanyang Dr,surge,1.1445088300220747
27241,JURONG WEST,233.21739130434787,498.15000000000003,264.93260869565216,SPMS,Nanyang Dr,surge,1.1445088300220747
27251,WESTERN WATER CATCHMENT,2.3478260869565215,11.7,9.352173913043478,Academic Bldg Sth,Nanyang Dr,surge,1.5180173661360352
27251,JURONG WEST,897.9565217391304,2256.8,1358.8434782608697,Academic Bldg Sth,Nanyang Dr,surge,1.5180173661360352
27261,JURONG WEST,417.0,563.4,146.39999999999998,Hall 4,Nanyang Dr,surge,0.350478468899521
27311,WESTERN WATER CATCHMENT,35.78260869565217,83.10000000000001,47.31739130434784,Hall 2,Lien Ying Chow Dr,surge,1.066129968088192
27311,JURONG WEST,113.08695652173913,225.5,112.41304347826087,Hall 2,Lien Ying Chow Dr,surge,1.066129968088192
27321,JURONG WEST,7.521739130434783,5.5,-2.021739130434783,Blk 949,Pioneer Rd Nth,surge,0.563151691625069
27321,WESTERN WATER CATCHMENT,305.0,483.64999999999986,178.64999999999986,Blk 949,Pioneer Rd Nth,surge,0.563151691625069
27389,JURONG EAST,3.304347826086956,9.15,5.845652173913044,Gek Poh Shop Ctr,Jurong West St 75,surge,1.7801421163817936
27389,ORCHARD,3.8260869565217392,12.0,8.173913043478262,Gek Poh Shop Ctr,Jurong West St 75,surge,1.7801421163817936
27389,JURONG WEST,214.52173913043475,599.65,385.1282608695652,Gek Poh Shop Ctr,Jurong West St 75,surge,1.7801421163817936
27399,PIONEER,0.2608695652173913,0.25,-0.010869565217391297,Bet Blks 859/860,Jurong West St 82,surge,0.3843245558661735
27399,JURONG WEST,962.9999999999999,1333.6000000000001,370.60000000000025,Bet Blks 859/860,Jurong West St 82,surge,0.3843245558661735
27401,PIONEER,0.043478260869565216,0.05,0.006521739130434787,Opp Blk 821,Jurong West St 81,surge,0.534303797468354
27401,JURONG WEST,600.0434782608696,921.2000000000002,321.15652173913054,Opp Blk 821,Jurong West St 81,surge,0.534303797468354
27539,CLEMENTI,7.086956521739131,8.799999999999999,1.7130434782608681,Bef Xingnan Pr Sch,Jurong West St 91,surge,0.4261694290976057
27539,JURONG EAST,29.608695652173918,51.9,22.29130434782608,Bef Xingnan Pr Sch,Jurong West St 91,surge,0.4261694290976057
27539,JURONG WEST,316.4347826086956,443.3499999999999,126.91521739130428,Bef Xingnan Pr Sch,Jurong West St 91,surge,0.4261694290976057
28369,BUKIT PANJANG,8.608695652173912,21.9,13.291304347826086,Opp Jurong Lake,Boon Lay Way,surge,1.626711590296495
28369,TENGAH,10.304347826086957,26.2,15.895652173913042,Opp Jurong Lake,Boon Lay Way,surge,1.626711590296495
28369,JURONG EAST,132.6521739130435,359.59999999999997,226.94782608695647,Opp Jurong Lake,Boon Lay Way,surge,1.626711590296495
43769,CLEMENTI,4.3478260869565215,16.8,12.45217391304348,Dulwich Coll/Blk 445,Bt Batok Rd,surge,0.3031516109209026
43769,JURONG WEST,49.13043478260869,62.05,12.919565217391309,Dulwich Coll/Blk 445,Bt Batok Rd,surge,0.3031516109209026
43769,JURONG EAST,352.7826086956522,457.04999999999995,104.26739130434777,Dulwich Coll/Blk 445,Bt Batok Rd,surge,0.3031516109209026
44151,CHOA CHU KANG,215.3913043478261,254.85000000000002,39.45869565217393,Opp Bt Batok Fire Stn,Bt Batok Rd,surge,0.3013248502994009
44151,BUKIT PANJANG,185.52173913043478,244.95,59.42826086956521,Opp Bt Batok Fire Stn,Bt Batok Rd,surge,0.3013248502994009
44151,WOODLANDS,156.30434782608697,219.35000000000002,63.045652173913055,Opp Bt Batok Fire Stn,Bt Batok Rd,surge,0.3013248502994009
44159,JURONG EAST,278.95652173913044,369.15,90.19347826086954,Bt Batok Fire Stn,Bt Batok Rd,surge,0.3335600000000007
44159,JURONG WEST,305.7826086956521,421.8,116.01739130434794,Bt Batok Fire Stn,Bt Batok Rd,surge,0.3335600000000007
44159,BUKIT BATOK,565.478260869565,751.3499999999999,185.8717391304349,Bt Batok Fire Stn,Bt Batok Rd,surge,0.3335600000000007
44361,ORCHARD,33.1304347826087,55.5,22.369565217391298,Opp Dairy Farm Mall,Petir Rd,surge,0.3193790530336672
44361,BUKIT PANJANG,154.60869565217394,182.10000000000002,27.491304347826087,Opp Dairy Farm Mall,Petir Rd,surge,0.3193790530336672
44361,NOVENA,87.08695652173913,139.6,52.51304347826087,Opp Dairy Farm Mall,Petir Rd,surge,0.3193790530336672
46351,WOODLANDS,217.99999999999997,348.9000000000001,130.90000000000012,Woodhaven,Woodlands Ave 1,surge,0.5981735159817343
46369,WOODLANDS,835.9565217391303,1198.85,362.89347826086964,Blk 413,Woodlands St 41,surge,0.4336467532467532
51039,BUKIT TIMAH,7.826086956521738,18.000000000000004,10.173913043478265,Opp S'pore Polo Club,Thomson Rd,surge,1.1220203303684886
51039,ORCHARD,7.739130434782609,20.150000000000002,12.410869565217393,Opp S'pore Polo Club,Thomson Rd,surge,1.1220203303684886
51039,NOVENA,108.78260869565219,232.45,123.6673913043478,Opp S'pore Polo Club,Thomson Rd,surge,1.1220203303684886
53339,ANG MO KIO,44.04347826086957,71.0,26.95652173913043,Opp Bright Hill Tp,Sin Ming Ave,surge,0.6179762949956098
53339,BISHAN,252.0869565217391,408.75,156.6630434782609,Opp Bright Hill Tp,Sin Ming Ave,surge,0.6179762949956098
75379,TOA PAYOH,16.000000000000004,24.500000000000004,8.5,Bef Tampines Ave 5,Tampines Ave 10,surge,0.2863547280744735
75379,TAMPINES,56.65217391304348,73.05,16.39782608695652,Bef Tampines Ave 5,Tampines Ave 10,surge,0.2863547280744735
75379,BEDOK,140.0,178.15,38.150000000000006,Bef Tampines Ave 5,Tampines Ave 10,surge,0.2863547280744735
77219,PASIR RIS,573.8260869565216,773.35,199.5239130434784,Opp Blk 626,Pasir Ris Dr 3,surge,0.3471030935632695
96111,PUNGGOL,308.17391304347825,440.79999999999995,132.6260869565217,Opp ITE Coll East Adm Blk,Simei Ave,surge,0.3918787619197911
96111,SENGKANG,336.69565217391306,473.34999999999997,136.6543478260869,Opp ITE Coll East Adm Blk,Simei Ave,surge,0.3918787619197911
96111,TAMPINES,1214.1739130434783,1674.4499999999998,460.27608695652157,Opp ITE Coll East Adm Blk,Simei Ave,surge,0.3918787619197911
96119,MARINE PARADE,35.04347826086957,46.9,11.856521739130429,ITE Coll East Adm Blk,Simei Ave,surge,0.3981070389381111
96119,TAMPINES,510.17391304347814,690.1999999999999,180.0260869565218,ITE Coll East Adm Blk,Simei Ave,surge,0.3981070389381111
96119,BEDOK,754.391304347826,1077.65,323.2586956521741,ITE Coll East Adm Blk,Simei Ave,surge,0.3981070389381111
