origin_pa,dest_pa,trips_per_weekday
WOODLANDS,WOODLANDS,214667.70000000004
JURONG WEST,JURONG WEST,183501.54999999778
TAMPINES,TAMPINES,180574.64999999755
BEDOK,BEDOK,164352.49999999593
YISHUN,YISHUN,163793.89999999758
BUKIT MERAH,BUKIT MERAH,107938.34999999846
HOUGANG,HOUGANG,106655.49999999817
ANG MO KIO,ANG MO KIO,100189.84999999913
CHOA CHU KANG,CHOA CHU KANG,86996.6499999995
SENGKANG,SENGKANG,83479.49999999949
BUKIT BATOK,BUKIT BATOK,83184.4999999996
TOA PAYOH,TOA PAYOH,82890.54999999973
PASIR RIS,PASIR RIS,81397.24999999956
QUEENSTOWN,QUEENSTOWN,72399.19999999962
GEYLANG,GEYLANG,67212.6499999997
CLEMENTI,CLEMENTI,64835.549999999865
SEMBAWANG,SEMBAWANG,54724.049999999974
PUNGGOL,PUNGGOL,51288.25000000006
BISHAN,BISHAN,47456.25000000018
JURONG EAST,JURONG EAST,46990.45000000022
BUKIT PANJANG,BUKIT PANJANG,46037.05000000019
SERANGOON,SERANGOON,44959.750000000284
KALLANG,KALLANG,37061.150000000205
BUKIT TIMAH,BUKIT TIMAH,35649.4500000004
TAMPINES,BEDOK,28778.100000000315
BEDOK,TAMPINES,28663.200000000277
HOUGANG,SERANGOON,25969.350000000137
SERANGOON,HOUGANG,23938.950000000114
SENGKANG,HOUGANG,22620.700000000103
WOODLANDS,OUTSIDE MP2019,22389.249999999996
CLEMENTI,QUEENSTOWN,21775.450000000044
QUEENSTOWN,BUKIT MERAH,21586.250000000142
BUKIT MERAH,QUEENSTOWN,21437.80000000017
QUEENSTOWN,CLEMENTI,21283.350000000068
TAMPINES,PASIR RIS,20767.45000000005
GEYLANG,BEDOK,20451.70000000014
BEDOK,GEYLANG,19952.75000000014
JURONG WEST,JURONG EAST,19885.900000000092
HOUGANG,SENGKANG,19573.100000000017
NOVENA,NOVENA,18721.150000000027
PASIR RIS,TAMPINES,18624.950000000048
SERANGOON,ANG MO KIO,18612.75000000004
JURONG EAST,JURONG WEST,18141.90000000006
ANG MO KIO,SERANGOON,17422.500000000007
CHOA CHU KANG,BUKIT PANJANG,16855.550000000003
OUTSIDE MP2019,WOODLANDS,16745.2
TUAS,TUAS,16683.900000000063
PIONEER,PIONEER,16043.000000000013
CLEMENTI,JURONG EAST,15737.25000000004
ANG MO KIO,BISHAN,15603.600000000017
WESTERN WATER CATCHMENT,JURONG WEST,15455.649999999998
JURONG WEST,WESTERN WATER CATCHMENT,14767.6
SENGKANG,PUNGGOL,14440.700000000004
JURONG EAST,CLEMENTI,14305.0
CHANGI,TAMPINES,14301.45000000002
YISHUN,SEMBAWANG,14053.500000000007
SEMBAWANG,YISHUN,13906.349999999991
WOODLANDS,SEMBAWANG,13411.400000000009
BUKIT BATOK,JURONG EAST,13109.24999999999
KALLANG,GEYLANG,13096.449999999993
WOODLANDS,SUNGEI KADUT,12994.35000000001
OUTRAM,BUKIT MERAH,12888.399999999994
GEYLANG,KALLANG,12687.399999999985
ANG MO KIO,HOUGANG,12527.849999999977
SEMBAWANG,WOODLANDS,12523.800000000001
BISHAN,ANG MO KIO,12435.549999999988
BUKIT PANJANG,CHOA CHU KANG,12334.099999999997
DOWNTOWN CORE,DOWNTOWN CORE,12129.44999999999
TAMPINES,CHANGI,11798.799999999983
SUNGEI KADUT,WOODLANDS,11695.699999999999
PUNGGOL,TAMPINES,11601.299999999987
BUKIT TIMAH,BUKIT BATOK,11520.549999999985
BEDOK,MARINE PARADE,10864.199999999939
MARINE PARADE,GEYLANG,10739.949999999988
GEYLANG,TOA PAYOH,10494.899999999963
BUKIT MERAH,OUTRAM,10171.84999999998
CLEMENTI,BUKIT TIMAH,10015.14999999999
TOA PAYOH,NOVENA,9820.799999999985
HOUGANG,ANG MO KIO,9802.449999999972
GEYLANG,MARINE PARADE,9411.749999999978
NOVENA,KALLANG,9357.799999999974
TOA PAYOH,GEYLANG,9307.299999999967
KALLANG,TOA PAYOH,9180.499999999975
ROCHOR,KALLANG,9147.999999999995
TOA PAYOH,KALLANG,9081.649999999978
QUEENSTOWN,BUKIT TIMAH,8437.499999999958
KALLANG,NOVENA,8384.549999999981
DOWNTOWN CORE,BUKIT MERAH,8382.999999999936
HOUGANG,BEDOK,8286.149999999936
JURONG EAST,BUKIT BATOK,8133.74999999997
BUKIT TIMAH,CLEMENTI,8092.79999999998
BUKIT BATOK,BUKIT TIMAH,8087.849999999974
PUNGGOL,SENGKANG,8063.049999999987
HOUGANG,GEYLANG,7903.74999999995
MARINE PARADE,MARINE PARADE,7880.599999999986
TAMPINES,SENGKANG,7803.799999999998
MARINE PARADE,BEDOK,7641.049999999966
BUKIT PANJANG,BUKIT BATOK,7623.299999999977
NOVENA,TOA PAYOH,7457.04999999999
ANG MO KIO,SENGKANG,7369.749999999973
SENGKANG,YISHUN,7328.899999999992
TOA PAYOH,SERANGOON,7217.799999999977
SUNGEI KADUT,SUNGEI KADUT,7211.699999999968
BUKIT BATOK,TENGAH,7153.099999999992
BUKIT TIMAH,QUEENSTOWN,6995.59999999997
BUKIT BATOK,CHOA CHU KANG,6916.999999999989
SENGKANG,ANG MO KIO,6866.149999999983
JURONG WEST,BOON LAY,6833.299999999994
KALLANG,ROCHOR,6773.449999999999
KALLANG,DOWNTOWN CORE,6683.249999999983
PUNGGOL,PASIR RIS,6621.549999999988
PASIR RIS,CHANGI,6365.149999999986
YISHUN,ANG MO KIO,6355.249999999975
CHOA CHU KANG,BUKIT BATOK,6264.799999999988
BOON LAY,JURONG WEST,6253.199999999983
GEYLANG,HOUGANG,6218.19999999998
BISHAN,TOA PAYOH,6207.799999999989
SENGKANG,WOODLANDS,6148.249999999996
ANG MO KIO,YISHUN,5953.049999999991
ORCHARD,MUSEUM,5948.799999999999
CLEMENTI,BUKIT BATOK,5934.199999999984
PASIR RIS,SENGKANG,5821.649999999996
TENGAH,BUKIT BATOK,5788.999999999995
CHANGI,SENGKANG,5764.499999999994
GEYLANG,DOWNTOWN CORE,5647.149999999992
BUKIT BATOK,CLEMENTI,5511.749999999987
GEYLANG,SERANGOON,5441.499999999984
BUKIT MERAH,DOWNTOWN CORE,5378.399999999989
YISHUN,PUNGGOL,5331.649999999995
BUKIT BATOK,JURONG WEST,5323.599999999994
CHANGI,PASIR RIS,5318.699999999986
SERANGOON,SENGKANG,5276.8999999999905
TOA PAYOH,BISHAN,5215.449999999999
TANGLIN,TANGLIN,5185.849999999996
JURONG EAST,TENGAH,5116.849999999996
TOA PAYOH,HOUGANG,5018.899999999988
CHANGI,CHANGI,4980.549999999991
ROCHOR,ROCHOR,4847.1
YISHUN,SENGKANG,4833.249999999998
SERANGOON,TOA PAYOH,4816.499999999994
BUKIT BATOK,BUKIT PANJANG,4814.799999999993
PIONEER,JURONG WEST,4721.699999999995
NOVENA,ROCHOR,4702.999999999995
BEDOK,CHANGI,4672.849999999996
WOODLANDS,BUKIT PANJANG,4392.849999999997
BUKIT PANJANG,BUKIT TIMAH,4369.949999999995
CHANGI,BEDOK,4338.4999999999945
JURONG WEST,CHOA CHU KANG,4319.8499999999985
DOWNTOWN CORE,KALLANG,4317.199999999997
TANGLIN,ORCHARD,4277.6
OUTRAM,OUTRAM,4249.299999999999
YISHUN,WOODLANDS,4227.299999999997
DOWNTOWN CORE,OUTRAM,4170.95
TAMPINES,PUNGGOL,4118.699999999997
BUKIT PANJANG,WOODLANDS,3867.9000000000005
TENGAH,JURONG EAST,3861.050000000001
WOODLANDS,SENGKANG,3846.1499999999987
TAMPINES,PAYA LEBAR,3799.8
WOODLANDS,YISHUN,3788.799999999997
JURONG EAST,QUEENSTOWN,3746.7500000000005
TAMPINES,TOA PAYOH,3698.5999999999954
CHOA CHU KANG,WESTERN WATER CATCHMENT,3690.649999999996
ROCHOR,GEYLANG,3650.0500000000006
MARINE PARADE,DOWNTOWN CORE,3649.5
PUNGGOL,CHANGI,3647.2499999999995
SENGKANG,SERANGOON,3646.1499999999996
HOUGANG,PASIR RIS,3640.0500000000015
JURONG WEST,BUKIT BATOK,3619.9500000000007
QUEENSTOWN,JURONG EAST,3594.299999999999
WOODLANDS,TAMPINES,3538.5500000000006
CLEMENTI,JURONG WEST,3506.3000000000006
HOUGANG,PUNGGOL,3493.3499999999967
DOWNTOWN CORE,GEYLANG,3458.500000000002
PASIR RIS,HOUGANG,3430.700000000001
TAMPINES,YISHUN,3407.3
RIVER VALLEY,BUKIT MERAH,3399.7499999999986
ROCHOR,DOWNTOWN CORE,3381.0499999999993
QUEENSTOWN,ORCHARD,3375.1
TANGLIN,BUKIT TIMAH,3284.5500000000015
BUKIT MERAH,CLEMENTI,3272.5000000000027
ORCHARD,BUKIT PANJANG,3266.300000000001
JURONG WEST,CLEMENTI,3221.1000000000013
CLEMENTI,BUKIT MERAH,3207.0000000000014
PASIR RIS,PUNGGOL,3191.500000000003
TANGLIN,BUKIT MERAH,3181.250000000001
BEDOK,HOUGANG,3170.4500000000035
ROCHOR,NOVENA,3162.8500000000004
CHOA CHU KANG,JURONG WEST,3157.15
JURONG WEST,PIONEER,3147.3000000000006
ORCHARD,ORCHARD,3146.7500000000005
YISHUN,TAMPINES,3131.55
WESTERN WATER CATCHMENT,CHOA CHU KANG,3125.1500000000005
BEDOK,PASIR RIS,3069.150000000005
TANGLIN,QUEENSTOWN,3068.100000000003
BUKIT MERAH,ORCHARD,3044.8500000000017
NOVENA,ORCHARD,3013.55
SINGAPORE RIVER,BUKIT MERAH,2942.950000000003
PUNGGOL,HOUGANG,2887.550000000004
MUSEUM,DOWNTOWN CORE,2859.5499999999997
SENGKANG,PASIR RIS,2826.3000000000025
SENGKANG,TAMPINES,2819.3000000000006
PUNGGOL,YISHUN,2780.050000000001
BUKIT PANJANG,ORCHARD,2763.200000000002
DOWNTOWN CORE,ROCHOR,2713.3500000000017
BISHAN,SERANGOON,2697.000000000003
BUKIT MERAH,SINGAPORE RIVER,2690.2500000000014
ORCHARD,BUKIT MERAH,2667.400000000003
TENGAH,TENGAH,2665.750000000003
MUSEUM,ORCHARD,2621.3000000000006
HOUGANG,TOA PAYOH,2617.8000000000084
ANG MO KIO,TOA PAYOH,2602.550000000003
KALLANG,BEDOK,2595.7500000000114
GEYLANG,TAMPINES,2567.1500000000096
TOA PAYOH,BEDOK,2563.4000000000087
TAMPINES,WOODLANDS,2554.2000000000007
ORCHARD,NOVENA,2547.100000000001
SERANGOON,BISHAN,2527.7500000000064
NOVENA,DOWNTOWN CORE,2519.750000000005
TAMPINES,GEYLANG,2513.6500000000124
SERANGOON,GEYLANG,2509.950000000006
SUNGEI KADUT,BUKIT PANJANG,2495.600000000004
BUKIT PANJANG,NOVENA,2484.650000000004
DOWNTOWN CORE,MARINE PARADE,2474.400000000001
BUKIT MERAH,ROCHOR,2438.7000000000085
GEYLANG,NOVENA,2422.8500000000063
TOA PAYOH,ANG MO KIO,2399.4000000000065
BUKIT MERAH,TANGLIN,2382.600000000004
SENGKANG,CHANGI,2379.250000000004
QUEENSTOWN,BUKIT BATOK,2371.800000000011
MARINE PARADE,KALLANG,2368.3500000000054
BEDOK,KALLANG,2341.5000000000205
NEWTON,NOVENA,2339.4500000000003
BUKIT TIMAH,NOVENA,2332.500000000007
HOUGANG,TAMPINES,2276.800000000004
BUKIT MERAH,MUSEUM,2247.450000000009
MUSEUM,ROCHOR,2217.9999999999995
WOODLANDS,PUNGGOL,2207.3
ORCHARD,DOWNTOWN CORE,2198.9000000000015
PIONEER,TUAS,2187.750000000001
QUEENSTOWN,TANGLIN,2183.850000000003
PASIR RIS,BEDOK,2155.700000000013
NOVENA,NEWTON,2137.2500000000005
MUSEUM,BUKIT PANJANG,2040.250000000001
BEDOK,TOA PAYOH,2017.4000000000096
GEYLANG,ANG MO KIO,2007.7500000000068
SENGKANG,SELETAR,1979.150000000002
ROCHOR,BEDOK,1972.650000000004
BEDOK,DOWNTOWN CORE,1960.0500000000093
TOA PAYOH,TAMPINES,1950.000000000005
BUKIT BATOK,QUEENSTOWN,1949.8000000000065
DOWNTOWN CORE,SINGAPORE RIVER,1940.3000000000006
GEYLANG,ROCHOR,1936.850000000002
JURONG WEST,TENGAH,1934.400000000001
TAMPINES,HOUGANG,1904.3000000000015
NOVENA,TANGLIN,1895.4500000000041
TANGLIN,MUSEUM,1893.2500000000005
ORCHARD,TANGLIN,1868.1000000000006
ROCHOR,BUKIT MERAH,1846.5500000000022
DOWNTOWN CORE,QUEENSTOWN,1838.0500000000127
CHANGI,YISHUN,1837.1000000000004
BUKIT MERAH,KALLANG,1826.3500000000113
BUKIT TIMAH,BUKIT PANJANG,1820.5500000000015
BUKIT BATOK,TOA PAYOH,1806.2500000000018
NEWTON,ORCHARD,1798.2999999999997
YISHUN,CHANGI,1789.0
YISHUN,MANDAI,1762.6000000000008
WESTERN WATER CATCHMENT,WESTERN WATER CATCHMENT,1757.9500000000035
BUKIT TIMAH,TANGLIN,1738.650000000004
TANGLIN,BUKIT PANJANG,1733.650000000002
BEDOK,PAYA LEBAR,1730.8500000000001
BUKIT TIMAH,TOA PAYOH,1725.7500000000025
BUKIT PANJANG,TANGLIN,1698.2500000000014
BUKIT MERAH,RIVER VALLEY,1697.5000000000014
JURONG EAST,CHOA CHU KANG,1693.4500000000014
PAYA LEBAR,SENGKANG,1693.05
GEYLANG,BUKIT MERAH,1669.4500000000091
OUTRAM,DOWNTOWN CORE,1662.5500000000006
KALLANG,YISHUN,1662.0500000000013
NOVENA,BISHAN,1660.6500000000042
SELETAR,SENGKANG,1656.2500000000018
HOUGANG,PAYA LEBAR,1653.200000000002
BUKIT MERAH,BUKIT TIMAH,1647.300000000008
NOVENA,BUKIT PANJANG,1644.3500000000004
ROCHOR,TOA PAYOH,1641.5500000000013
SERANGOON,TAMPINES,1632.300000000002
BISHAN,NOVENA,1610.1500000000028
ORCHARD,ROCHOR,1605.8000000000009
OUTRAM,SINGAPORE RIVER,1602.7
BUKIT PANJANG,CLEMENTI,1571.8500000000022
TENGAH,CHOA CHU KANG,1568.6500000000012
KALLANG,ANG MO KIO,1567.550000000002
BUKIT PANJANG,JURONG WEST,1561.8500000000013
KALLANG,BUKIT MERAH,1561.2000000000078
MUSEUM,MUSEUM,1553.6000000000001
OUTSIDE MP2019,OUTSIDE MP2019,1550.75
DOWNTOWN CORE,MUSEUM,1535.9500000000003
NEWTON,TANGLIN,1531.3000000000002
BUKIT TIMAH,BISHAN,1525.7500000000032
CHOA CHU KANG,WOODLANDS,1517.5000000000005
CHOA CHU KANG,ORCHARD,1512.65
PAYA LEBAR,HOUGANG,1511.3000000000009
HOUGANG,DOWNTOWN CORE,1508.350000000003
BUKIT TIMAH,ORCHARD,1500.250000000001
HOUGANG,BISHAN,1499.8500000000038
BISHAN,HOUGANG,1489.7500000000023
QUEENSTOWN,DOWNTOWN CORE,1488.4500000000041
DOWNTOWN CORE,NOVENA,1483.600000000001
NOVENA,GEYLANG,1476.1000000000017
BUKIT BATOK,WOODLANDS,1475.4000000000024
ANG MO KIO,BEDOK,1474.3500000000042
CHOA CHU KANG,SUNGEI KADUT,1471.5500000000013
BUKIT MERAH,GEYLANG,1466.750000000007
SELETAR,PUNGGOL,1454.1000000000008
OUTRAM,ROCHOR,1444.2000000000005
TAMPINES,KALLANG,1442.1500000000026
MUSEUM,KALLANG,1436.0500000000006
BUKIT PANJANG,MUSEUM,1430.8000000000009
MUSEUM,BUKIT MERAH,1421.900000000002
NOVENA,BUKIT TIMAH,1411.1500000000024
KALLANG,SERANGOON,1404.7500000000016
TAMPINES,MARINE PARADE,1403.9000000000017
ORCHARD,NEWTON,1400.1000000000004
JURONG WEST,BUKIT PANJANG,1398.2500000000002
SERANGOON,BEDOK,1391.3500000000042
YISHUN,KALLANG,1381.800000000001
BUKIT PANJANG,JURONG EAST,1372.500000000001
SERANGOON,YISHUN,1370.6500000000015
MANDAI,YISHUN,1368.3500000000008
JURONG EAST,BUKIT MERAH,1363.1000000000022
PAYA LEBAR,TAMPINES,1362.8000000000009
RIVER VALLEY,TANGLIN,1361.5500000000004
SELETAR,SELETAR,1347.4000000000008
DOWNTOWN CORE,ORCHARD,1341.65
MANDAI,SEMBAWANG,1313.4000000000005
BUKIT MERAH,JURONG EAST,1311.8500000000022
NEWTON,NEWTON,1310.9999999999995
SELETAR,YISHUN,1296.9500000000012
SENGKANG,DOWNTOWN CORE,1296.8500000000008
YISHUN,HOUGANG,1294.800000000001
BEDOK,NOVENA,1293.6500000000005
TOA PAYOH,ROCHOR,1288.8500000000008
ANG MO KIO,GEYLANG,1280.0000000000014
YISHUN,SELETAR,1275.5000000000005
SINGAPORE RIVER,MUSEUM,1269.9
RIVER VALLEY,MUSEUM,1269.65
TENGAH,BUKIT PANJANG,1265.7500000000002
ANG MO KIO,KALLANG,1264.5000000000014
DOWNTOWN CORE,BEDOK,1262.700000000001
OUTRAM,KALLANG,1261.8500000000008
OUTRAM,QUEENSTOWN,1258.4000000000008
BUKIT TIMAH,JURONG WEST,1255.0000000000023
KALLANG,TAMPINES,1253.400000000001
ORCHARD,QUEENSTOWN,1240.9000000000003
PAYA LEBAR,PASIR RIS,1235.9500000000005
BUKIT BATOK,SUNGEI KADUT,1235.1000000000008
KALLANG,OUTRAM,1232.4500000000003
SINGAPORE RIVER,DOWNTOWN CORE,1219.0499999999997
BEDOK,SERANGOON,1199.6500000000028
PAYA LEBAR,WOODLANDS,1194.3000000000002
SENGKANG,BEDOK,1185.6500000000003
ROCHOR,YISHUN,1184.7
NOVENA,BUKIT MERAH,1168.5500000000034
YISHUN,BUKIT PANJANG,1153.6500000000003
BUKIT TIMAH,JURONG EAST,1150.3500000000008
SINGAPORE RIVER,ROCHOR,1149.8
JURONG WEST,QUEENSTOWN,1143.5000000000014
YISHUN,CENTRAL WATER CATCHMENT,1135.2500000000002
ROCHOR,MARINE PARADE,1126.4499999999998
ORCHARD,SINGAPORE RIVER,1125.1
QUEENSTOWN,JURONG WEST,1119.9000000000008
QUEENSTOWN,OUTRAM,1106.8500000000006
JURONG EAST,BUKIT TIMAH,1102.0500000000006
GEYLANG,OUTRAM,1100.1499999999999
KALLANG,MARINE PARADE,1093.65
CLEMENTI,BUKIT PANJANG,1086.7500000000005
ORCHARD,OUTRAM,1081.0999999999997
TANGLIN,RIVER VALLEY,1075.5500000000004
ROCHOR,NEWTON,1069.6999999999998
RIVER VALLEY,QUEENSTOWN,1068.8500000000004
OUTRAM,MUSEUM,1059.7500000000002
DOWNTOWN CORE,RIVER VALLEY,1055.55
CENTRAL WATER CATCHMENT,YISHUN,1051.2500000000002
SINGAPORE RIVER,RIVER VALLEY,1048.55
BUKIT TIMAH,CHOA CHU KANG,1044.4000000000003
BISHAN,SENGKANG,1043.2000000000012
ORCHARD,KALLANG,1042.5000000000002
SERANGOON,KALLANG,1039.2500000000005
HOUGANG,KALLANG,1035.3000000000013
JURONG WEST,BUKIT TIMAH,1032.0000000000005
OUTRAM,GEYLANG,1029.2000000000003
SINGAPORE RIVER,ORCHARD,1025.45
WOODLANDS,BUKIT BATOK,1025.1
MUSEUM,TANGLIN,1021.5499999999997
SINGAPORE RIVER,SINGAPORE RIVER,1014.9
SERANGOON,PASIR RIS,1012.9500000000008
PUNGGOL,SELETAR,1011.5
MARINE PARADE,TAMPINES,1010.6500000000009
KALLANG,MUSEUM,1007.9
SINGAPORE RIVER,OUTRAM,1004.5000000000001
DOWNTOWN CORE,JURONG EAST,1003.5000000000003
BUKIT MERAH,NOVENA,999.5000000000014
QUEENSTOWN,MUSEUM,997.3000000000003
ORCHARD,GEYLANG,989.0
MUSEUM,GEYLANG,978.1500000000005
HOUGANG,WOODLANDS,939.1000000000001
ORCHARD,CHOA CHU KANG,936.7500000000002
BUKIT BATOK,BUKIT MERAH,934.6000000000008
SENGKANG,BISHAN,930.8000000000005
MANDAI,WOODLANDS,927.8
YISHUN,DOWNTOWN CORE,924.4500000000003
ROCHOR,OUTRAM,917.7500000000002
CLEMENTI,ORCHARD,915.8999999999999
BUKIT PANJANG,YISHUN,914.5000000000001
ORCHARD,RIVER VALLEY,913.2000000000003
ROCHOR,MUSEUM,910.5999999999999
SUNGEI KADUT,CHOA CHU KANG,904.3000000000005
ROCHOR,BUKIT PANJANG,899.2000000000002
BUKIT MERAH,BUKIT BATOK,898.1499999999992
PAYA LEBAR,PAYA LEBAR,891.4500000000003
TUAS,PIONEER,887.0000000000008
TOA PAYOH,DOWNTOWN CORE,885.7999999999998
BUKIT MERAH,SOUTHERN ISLANDS,885.25
SINGAPORE RIVER,GEYLANG,880.2000000000005
QUEENSTOWN,SINGAPORE RIVER,871.9000000000002
TENGAH,BUKIT TIMAH,871.8499999999993
PAYA LEBAR,PUNGGOL,871.1499999999999
ROCHOR,TAMPINES,871.1000000000003
MUSEUM,NOVENA,869.8500000000003
TANGLIN,DOWNTOWN CORE,868.9999999999999
DOWNTOWN CORE,TOA PAYOH,867.2500000000001
CHOA CHU KANG,JURONG EAST,861.1500000000002
MARINE PARADE,ROCHOR,855.8999999999999
KALLANG,BUKIT BATOK,854.35
SINGAPORE RIVER,KALLANG,852.9000000000001
JURONG EAST,ORCHARD,852.1000000000004
RIVER VALLEY,BUKIT TIMAH,851.95
BISHAN,BUKIT TIMAH,850.4500000000008
CENTRAL WATER CATCHMENT,BISHAN,846.4999999999998
BISHAN,KALLANG,841.1000000000001
BEDOK,ROCHOR,839.1999999999998
KALLANG,BUKIT TIMAH,838.1500000000001
BUKIT PANJANG,TOA PAYOH,828.8500000000001
PASIR RIS,SERANGOON,826.2500000000007
CENTRAL WATER CATCHMENT,ANG MO KIO,824.6
ROCHOR,ANG MO KIO,823.1999999999996
BEDOK,SENGKANG,821.9499999999997
TAMPINES,NOVENA,820.0999999999999
PAYA LEBAR,GEYLANG,815.8999999999999
SERANGOON,PUNGGOL,810.6499999999997
ANG MO KIO,ROCHOR,810.4499999999999
RIVER VALLEY,SINGAPORE RIVER,809.5500000000001
ORCHARD,BEDOK,808.9500000000002
BUKIT TIMAH,BUKIT MERAH,805.9499999999991
QUEENSTOWN,NOVENA,803.5499999999998
WOODLANDS,SELETAR,792.0
BUKIT TIMAH,TENGAH,791.4999999999999
BUKIT TIMAH,ANG MO KIO,782.7500000000001
YISHUN,BISHAN,779.9499999999997
NOVENA,QUEENSTOWN,775.5999999999992
SELETAR,WOODLANDS,771.25
NOVENA,ANG MO KIO,761.6999999999997
KALLANG,HOUGANG,760.1999999999998
GEYLANG,BUKIT TIMAH,753.3999999999988
TOA PAYOH,BUKIT BATOK,751.9999999999997
BUKIT TIMAH,WOODLANDS,751.9499999999998
BISHAN,YISHUN,748.2499999999998
MUSEUM,MARINE PARADE,741.8
SENGKANG,GEYLANG,740.7999999999996
JURONG EAST,BOON LAY,735.2499999999995
BEDOK,BUKIT MERAH,735.0499999999993
KALLANG,BISHAN,726.1999999999998
NOVENA,BUKIT BATOK,720.7999999999998
WOODLANDS,HOUGANG,719.6999999999996
ANG MO KIO,DOWNTOWN CORE,719.5499999999998
RIVER VALLEY,RIVER VALLEY,713.65
ORCHARD,BUKIT TIMAH,709.0000000000001
YISHUN,ROCHOR,707.45
BUKIT PANJANG,DOWNTOWN CORE,707.2499999999999
OUTRAM,ORCHARD,703.3000000000001
BEDOK,ANG MO KIO,700.5499999999987
DOWNTOWN CORE,CLEMENTI,697.0499999999995
NOVENA,MUSEUM,696.6499999999995
CHOA CHU KANG,MUSEUM,693.65
ANG MO KIO,NOVENA,692.3999999999994
BUKIT PANJANG,BUKIT MERAH,684.0499999999993
TOA PAYOH,SENGKANG,677.049999999999
BUKIT PANJANG,WESTERN WATER CATCHMENT,676.85
TOA PAYOH,BUKIT MERAH,675.4999999999993
BUKIT MERAH,BEDOK,662.2499999999975
PAYA LEBAR,BEDOK,659.7499999999999
DOWNTOWN CORE,SERANGOON,657.9999999999995
YISHUN,TOA PAYOH,653.6499999999997
GEYLANG,QUEENSTOWN,647.1499999999976
JURONG EAST,BUKIT PANJANG,642.6999999999998
MUSEUM,RIVER VALLEY,642.1999999999999
BUKIT TIMAH,CENTRAL WATER CATCHMENT,638.7499999999997
BUKIT BATOK,DOWNTOWN CORE,636.4499999999994
KALLANG,SINGAPORE RIVER,633.2999999999997
NEWTON,BUKIT PANJANG,630.6499999999997
CHANGI,MARINE PARADE,624.8
ANG MO KIO,PUNGGOL,622.6999999999995
SELETAR,TAMPINES,622.4
BUKIT TIMAH,GEYLANG,621.0999999999989
WOODLANDS,BEDOK,620.8999999999999
ORCHARD,MARINE PARADE,612.6999999999996
BEDOK,ORCHARD,604.7499999999992
MUSEUM,CHOA CHU KANG,594.5999999999999
BUKIT MERAH,TOA PAYOH,594.199999999999
MUSEUM,BEDOK,593.5499999999996
MUSEUM,SINGAPORE RIVER,591.6999999999999
MUSEUM,BUKIT TIMAH,591.2999999999994
ANG MO KIO,BUKIT TIMAH,589.2999999999989
GEYLANG,PAYA LEBAR,589.1499999999996
OUTRAM,NOVENA,587.3499999999997
CHOA CHU KANG,BUKIT TIMAH,586.8999999999994
TAMPINES,ROCHOR,585.7999999999997
GEYLANG,PASIR RIS,583.6999999999988
HOUGANG,CHANGI,577.0499999999992
NOVENA,BEDOK,576.8999999999983
GEYLANG,SENGKANG,575.1499999999996
MUSEUM,OUTRAM,574.45
HOUGANG,YISHUN,573.8499999999997
BUKIT TIMAH,KALLANG,573.5499999999988
BISHAN,ROCHOR,570.9499999999996
CENTRAL WATER CATCHMENT,CHOA CHU KANG,569.5500000000001
ROCHOR,ORCHARD,568.8
WESTERN WATER CATCHMENT,PIONEER,567.9
TOA PAYOH,BUKIT TIMAH,566.1999999999991
TUAS,JURONG WEST,565.899999999999
CLEMENTI,DOWNTOWN CORE,563.8999999999993
TOA PAYOH,TANGLIN,562.5499999999988
TANGLIN,CLEMENTI,560.7499999999992
BUKIT TIMAH,MUSEUM,559.2999999999996
KALLANG,BUKIT PANJANG,553.9000000000001
BUKIT BATOK,KALLANG,553.4499999999997
ANG MO KIO,CENTRAL WATER CATCHMENT,553.1999999999998
SINGAPORE RIVER,TANGLIN,545.6999999999997
BUKIT PANJANG,MANDAI,545.4499999999997
JURONG EAST,DOWNTOWN CORE,543.7499999999992
MARINE PARADE,MUSEUM,543.6499999999999
ORCHARD,CLEMENTI,538.9999999999998
MUSEUM,QUEENSTOWN,537.1499999999994
NOVENA,OUTRAM,535.2999999999996
ORCHARD,BUKIT BATOK,527.55
OUTRAM,CLEMENTI,524.7499999999994
ORCHARD,TOA PAYOH,520.65
TAMPINES,SELETAR,519.3499999999999
CHOA CHU KANG,CENTRAL WATER CATCHMENT,517.2
DOWNTOWN CORE,TANGLIN,514.4999999999994
QUEENSTOWN,GEYLANG,511.6499999999977
MARINE PARADE,BUKIT MERAH,509.74999999999875
TENGAH,DOWNTOWN CORE,508.65
ROCHOR,RIVER VALLEY,506.6
BUKIT TIMAH,HOUGANG,502.1999999999984
BUKIT TIMAH,ROCHOR,499.69999999999965
LIM CHU KANG,CHOA CHU KANG,498.7999999999998
ROCHOR,TANGLIN,498.74999999999983
TAMPINES,ORCHARD,492.9999999999998
BUKIT PANJANG,ROCHOR,492.5499999999997
ROCHOR,WOODLANDS,489.9999999999999
TANGLIN,NOVENA,489.7499999999998
ROCHOR,SINGAPORE RIVER,488.85
JURONG EAST,MUSEUM,486.59999999999997
GEYLANG,SINGAPORE RIVER,486.2499999999996
ROCHOR,SERANGOON,482.9999999999998
KALLANG,ORCHARD,482.64999999999986
JURONG WEST,TUAS,482.0999999999994
CHANGI,HOUGANG,475.7999999999994
ROCHOR,HOUGANG,475.6499999999996
NEWTON,BUKIT TIMAH,474.8499999999997
QUEENSTOWN,TOA PAYOH,471.1499999999991
BUKIT PANJANG,SUNGEI KADUT,469.6999999999999
MARINE PARADE,TOA PAYOH,468.34999999999957
ROCHOR,BISHAN,464.89999999999947
CHOA CHU KANG,NOVENA,464.7999999999997
SERANGOON,DOWNTOWN CORE,463.7999999999995
BISHAN,TAMPINES,458.84999999999974
ORCHARD,TAMPINES,455.8999999999998
DOWNTOWN CORE,SENGKANG,450.65
SERANGOON,SELETAR,450.2999999999998
YISHUN,MUSEUM,450.19999999999993
GEYLANG,TANGLIN,449.9999999999992
TOA PAYOH,MARINE PARADE,445.1999999999998
DOWNTOWN CORE,TAMPINES,444.74999999999966
CLEMENTI,TOA PAYOH,442.79999999999944
CHANGI,GEYLANG,442.7999999999991
KALLANG,RIVER VALLEY,441.49999999999983
DOWNTOWN CORE,YISHUN,435.24999999999983
CHANGI BAY,BEDOK,434.3500000000001
MARINE PARADE,SERANGOON,433.2999999999994
WESTERN WATER CATCHMENT,BUKIT PANJANG,432.54999999999995
MARINE PARADE,ORCHARD,432.0499999999999
QUEENSTOWN,KALLANG,432.0499999999985
TOA PAYOH,QUEENSTOWN,427.89999999999935
QUEENSTOWN,ROCHOR,424.7499999999994
MARINE PARADE,CHANGI,424.14999999999986
DOWNTOWN CORE,JURONG WEST,422.6999999999995
BEDOK,WOODLANDS,421.7999999999997
YISHUN,BEDOK,420.7999999999998
PASIR RIS,GEYLANG,419.5499999999996
BUKIT BATOK,ORCHARD,418.34999999999985
TENGAH,JURONG WEST,417.9999999999999
BUKIT PANJANG,BEDOK,417.34999999999974
JURONG WEST,ORCHARD,417.0999999999999
RIVER VALLEY,CLEMENTI,411.7499999999999
QUEENSTOWN,BUKIT PANJANG,411.1499999999999
ANG MO KIO,TAMPINES,407.7999999999998
SENGKANG,TOA PAYOH,407.6499999999996
PASIR RIS,YISHUN,406.7499999999997
KALLANG,WOODLANDS,404.3499999999999
BUKIT PANJANG,QUEENSTOWN,403.7999999999995
YISHUN,PASIR RIS,403.39999999999964
NOVENA,TAMPINES,402.29999999999933
HOUGANG,ROCHOR,400.2999999999997
TOA PAYOH,PAYA LEBAR,399.3999999999999
MUSEUM,CHANGI,397.9499999999998
NOVENA,SINGAPORE RIVER,397.64999999999986
MARINE PARADE,HOUGANG,396.24999999999983
GEYLANG,BUKIT PANJANG,395.84999999999997
SELETAR,CHANGI,393.8
BUKIT MERAH,JURONG WEST,393.39999999999975
BISHAN,GEYLANG,390.69999999999965
ANG MO KIO,PASIR RIS,385.1499999999996
RIVER VALLEY,ORCHARD,383.29999999999995
JURONG EAST,WOODLANDS,381.64999999999986
RIVER VALLEY,DOWNTOWN CORE,376.7999999999999
NOVENA,CENTRAL WATER CATCHMENT,373.79999999999995
SINGAPORE RIVER,QUEENSTOWN,372.4499999999995
DOWNTOWN CORE,HOUGANG,371.9499999999997
OUTRAM,BEDOK,371.34999999999985
ORCHARD,CHANGI,369.15
OUTRAM,TOA PAYOH,365.25
CHANGI,SELETAR,362.9
CLEMENTI,BISHAN,361.3999999999994
PUNGGOL,ANG MO KIO,358.3499999999998
KALLANG,TANGLIN,357.9499999999998
DOWNTOWN CORE,TENGAH,355.29999999999995
QUEENSTOWN,BISHAN,354.5499999999997
HOUGANG,BUKIT TIMAH,352.9499999999994
TANGLIN,OUTRAM,350.85
BEDOK,QUEENSTOWN,348.89999999999947
WOODLANDS,DOWNTOWN CORE,348.69999999999993
CHOA CHU KANG,DOWNTOWN CORE,348.04999999999995
OUTRAM,BUKIT PANJANG,345.84999999999997
HOUGANG,NOVENA,343.54999999999984
PASIR RIS,ANG MO KIO,343.09999999999997
RIVER VALLEY,ROCHOR,338.84999999999997
BUKIT MERAH,YISHUN,338.6999999999998
CHANGI,PUNGGOL,335.19999999999993
SEMBAWANG,CHANGI,334.80000000000007
BEDOK,OUTRAM,333.3999999999998
BUKIT PANJANG,GEYLANG,331.89999999999986
QUEENSTOWN,BEDOK,331.2999999999996
TOA PAYOH,CENTRAL WATER CATCHMENT,330.95
SELETAR,ANG MO KIO,325.5
CLEMENTI,CHOA CHU KANG,324.95000000000005
BISHAN,CLEMENTI,323.4499999999998
CLEMENTI,TANGLIN,321.74999999999983
CENTRAL WATER CATCHMENT,SUNGEI KADUT,321.15
KALLANG,QUEENSTOWN,319.9499999999995
RIVER VALLEY,OUTRAM,318.9
GEYLANG,CLEMENTI,318.2999999999996
QUEENSTOWN,TENGAH,318.04999999999995
JURONG WEST,BUKIT MERAH,317.54999999999995
NOVENA,RIVER VALLEY,317.2
BISHAN,BEDOK,316.8999999999997
GEYLANG,WOODLANDS,316.05
MUSEUM,BUKIT BATOK,314.75
JURONG EAST,TOA PAYOH,313.9999999999999
TAMPINES,ANG MO KIO,311.4999999999999
ROCHOR,BUKIT TIMAH,311.1499999999999
HOUGANG,MARINE PARADE,310.29999999999995
TANGLIN,SINGAPORE RIVER,309.65
BOON LAY,BOON LAY,309.6499999999997
SINGAPORE RIVER,NOVENA,309.49999999999994
CHOA CHU KANG,TANGLIN,308.75
CLEMENTI,OUTRAM,305.1499999999999
NOVENA,SERANGOON,304.49999999999983
JURONG WEST,DOWNTOWN CORE,303.6499999999999
TANGLIN,ROCHOR,303.3999999999999
TOA PAYOH,ORCHARD,302.3
BUKIT MERAH,NEWTON,301.2999999999999
DOWNTOWN CORE,ANG MO KIO,300.19999999999993
ROCHOR,QUEENSTOWN,300.0499999999999
ANG MO KIO,SELETAR,299.75000000000006
CENTRAL WATER CATCHMENT,BUKIT TIMAH,297.95
DOWNTOWN CORE,BUKIT TIMAH,296.84999999999985
GEYLANG,MUSEUM,296.44999999999993
CLEMENTI,MUSEUM,296.29999999999995
TAMPINES,DOWNTOWN CORE,293.9499999999997
YISHUN,BUKIT MERAH,292.7499999999999
WOODLANDS,TOA PAYOH,292.55
SOUTHERN ISLANDS,BUKIT MERAH,292.09999999999997
OUTRAM,TANGLIN,290.65
GEYLANG,ORCHARD,290.5
NOVENA,HOUGANG,287.69999999999976
BUKIT MERAH,BUKIT PANJANG,286.4499999999999
ANG MO KIO,SEMBAWANG,286.39999999999986
TAMPINES,SERANGOON,286.39999999999975
HOUGANG,MUSEUM,283.40000000000003
NOVENA,WOODLANDS,281.35
ORCHARD,JURONG EAST,280.95
CLEMENTI,BOON LAY,280.95
CLEMENTI,GEYLANG,275.74999999999983
PAYA LEBAR,TOA PAYOH,275.70000000000005
GEYLANG,CHANGI,275.6499999999999
BUKIT TIMAH,SUNGEI KADUT,275.0499999999999
OUTRAM,CHOA CHU KANG,274.75
WOODLANDS,JURONG EAST,267.74999999999994
BEDOK,MUSEUM,266.2999999999998
NEWTON,RIVER VALLEY,266.15000000000003
WOODLANDS,BUKIT TIMAH,263.69999999999993
NOVENA,CLEMENTI,262.2499999999999
CENTRAL WATER CATCHMENT,BUKIT PANJANG,260.65
PUNGGOL,BEDOK,259.65
BUKIT TIMAH,SERANGOON,259.4499999999998
BUKIT MERAH,MARINE PARADE,258.6999999999999
BUKIT PANJANG,NEWTON,258.3499999999999
SEMBAWANG,ANG MO KIO,257.54999999999984
QUEENSTOWN,RIVER VALLEY,256.9
SEMBAWANG,PUNGGOL,256.55
GEYLANG,YISHUN,256.0499999999999
NOVENA,CHOA CHU KANG,255.54999999999995
PUNGGOL,DOWNTOWN CORE,255.25
CENTRAL WATER CATCHMENT,CENTRAL WATER CATCHMENT,253.84999999999997
SUNGEI KADUT,CENTRAL WATER CATCHMENT,252.24999999999994
DOWNTOWN CORE,BUKIT BATOK,251.49999999999991
BUKIT MERAH,BISHAN,250.6999999999998
TANGLIN,BUKIT BATOK,250.09999999999994
TANGLIN,TOA PAYOH,249.89999999999998
TANGLIN,CHOA CHU KANG,249.5
BISHAN,DOWNTOWN CORE,249.39999999999995
BUKIT TIMAH,YISHUN,246.25
DOWNTOWN CORE,CHANGI,244.95000000000002
MARINE PARADE,NOVENA,244.64999999999998
NEWTON,BUKIT MERAH,244.24999999999994
SUNGEI KADUT,BUKIT TIMAH,243.39999999999998
BUKIT MERAH,ANG MO KIO,242.99999999999991
SERANGOON,NOVENA,242.09999999999997
BISHAN,BUKIT MERAH,241.74999999999991
ANG MO KIO,MANDAI,238.24999999999997
CLEMENTI,NOVENA,236.8499999999999
NEWTON,MUSEUM,236.55
TOA PAYOH,OUTRAM,234.05000000000004
TANGLIN,NEWTON,233.79999999999998
ORCHARD,BISHAN,233.49999999999991
SUNGEI KADUT,BUKIT BATOK,231.7499999999999
SINGAPORE RIVER,BEDOK,230.70000000000005
STRAITS VIEW,STRAITS VIEW,229.85000000000002
BUKIT BATOK,TANGLIN,229.19999999999996
WOODLANDS,CHANGI,228.89999999999998
YISHUN,SERANGOON,228.74999999999986
GEYLANG,BISHAN,227.90000000000003
BUKIT MERAH,CHOA CHU KANG,225.54999999999998
ANG MO KIO,MUSEUM,224.35000000000005
CHOA CHU KANG,OUTRAM,222.84999999999997
MUSEUM,CLEMENTI,221.49999999999997
TENGAH,WOODLANDS,219.50000000000003
ANG MO KIO,BUKIT MERAH,217.09999999999997
WOODLANDS,GEYLANG,217.05000000000004
SERANGOON,ROCHOR,215.55
BUKIT PANJANG,OUTRAM,215.15000000000003
CHANGI,SEMBAWANG,211.40000000000003
TANGLIN,KALLANG,210.95000000000002
BISHAN,CENTRAL WATER CATCHMENT,210.40000000000003
ORCHARD,SOUTHERN ISLANDS,208.70000000000002
PUNGGOL,GEYLANG,207.25000000000006
GEYLANG,PUNGGOL,206.7
CHANGI,DOWNTOWN CORE,203.55
JURONG WEST,TOA PAYOH,203.15000000000015
YISHUN,NOVENA,202.20000000000002
MUSEUM,ANG MO KIO,201.50000000000006
TOA PAYOH,JURONG EAST,200.8
MUSEUM,NEWTON,199.90000000000003
ROCHOR,SUNGEI KADUT,197.1
SELETAR,HOUGANG,196.90000000000006
WOODLANDS,ROCHOR,195.75000000000003
OUTRAM,ANG MO KIO,193.70000000000005
BEDOK,SINGAPORE RIVER,193.55000000000007
GEYLANG,RIVER VALLEY,193.00000000000009
ROCHOR,CHOA CHU KANG,191.50000000000003
CHANGI,WOODLANDS,189.65000000000003
PASIR RIS,TOA PAYOH,189.15000000000003
BEDOK,NEWTON,187.7000000000001
BISHAN,SEMBAWANG,187.20000000000007
TENGAH,BUKIT MERAH,186.60000000000002
QUEENSTOWN,CENTRAL WATER CATCHMENT,184.54999999999993
MARINE PARADE,QUEENSTOWN,183.30000000000018
MUSEUM,JURONG EAST,182.9
PUNGGOL,SERANGOON,182.35000000000005
CHOA CHU KANG,CLEMENTI,180.80000000000007
NOVENA,YISHUN,180.7000000000001
RIVER VALLEY,BUKIT BATOK,180.04999999999998
BISHAN,PASIR RIS,177.35000000000008
BUKIT TIMAH,SINGAPORE RIVER,177.00000000000009
MUSEUM,TOA PAYOH,176.54999999999995
SERANGOON,BUKIT TIMAH,176.14999999999998
PAYA LEBAR,SELETAR,175.3
OUTRAM,RIVER VALLEY,175.25
OUTRAM,BUKIT TIMAH,174.30000000000015
ANG MO KIO,QUEENSTOWN,174.0000000000001
BOON LAY,PIONEER,173.20000000000002
BISHAN,QUEENSTOWN,172.55000000000007
CLEMENTI,ROCHOR,172.35000000000005
CHOA CHU KANG,QUEENSTOWN,171.45000000000005
WOODLANDS,MUSEUM,170.95000000000002
RIVER VALLEY,KALLANG,169.95000000000005
SELETAR,SERANGOON,169.8
BUKIT PANJANG,KALLANG,168.65000000000012
BUKIT TIMAH,DOWNTOWN CORE,168.1500000000001
QUEENSTOWN,HOUGANG,168.10000000000028
BEDOK,YISHUN,167.25000000000006
SUNGEI KADUT,ROCHOR,166.70000000000002
JURONG WEST,MUSEUM,165.05000000000007
CLEMENTI,ANG MO KIO,164.75000000000009
MUSEUM,HOUGANG,162.50000000000006
TOA PAYOH,JURONG WEST,161.80000000000007
CENTRAL WATER CATCHMENT,TOA PAYOH,159.4
ORCHARD,JURONG WEST,158.10000000000005
MANDAI,MANDAI,156.05000000000007
HOUGANG,BUKIT MERAH,155.90000000000026
SINGAPORE RIVER,BUKIT PANJANG,155.55
MARINE PARADE,NEWTON,155.30000000000004
MUSEUM,SERANGOON,155.1
MUSEUM,YISHUN,155.00000000000006
PASIR RIS,BISHAN,153.4000000000001
DOWNTOWN CORE,BISHAN,153.30000000000018
MARINE PARADE,RIVER VALLEY,152.70000000000007
TOA PAYOH,PUNGGOL,152.70000000000005
SEMBAWANG,BISHAN,152.3500000000001
CHOA CHU KANG,KALLANG,151.05000000000007
BEDOK,RIVER VALLEY,148.90000000000015
BUKIT MERAH,TENGAH,148.75000000000003
KALLANG,NEWTON,148.50000000000003
KALLANG,CHOA CHU KANG,147.85000000000008
BUKIT BATOK,MUSEUM,147.05
DOWNTOWN CORE,PUNGGOL,145.8
RIVER VALLEY,NOVENA,145.65000000000003
QUEENSTOWN,ANG MO KIO,144.40000000000012
MUSEUM,TAMPINES,143.50000000000009
TAMPINES,MANDAI,143.50000000000006
BISHAN,MANDAI,143.50000000000003
BISHAN,ORCHARD,142.55000000000013
GEYLANG,NEWTON,141.65000000000003
CLEMENTI,CENTRAL WATER CATCHMENT,141.65000000000003
QUEENSTOWN,YISHUN,141.60000000000002
NEWTON,TOA PAYOH,141.25000000000003
SENGKANG,MANDAI,140.60000000000002
SERANGOON,BUKIT BATOK,140.45000000000005
OUTRAM,YISHUN,140.04999999999998
TANGLIN,GEYLANG,140.00000000000014
RIVER VALLEY,NEWTON,139.85000000000002
WOODLANDS,NOVENA,139.60000000000005
ANG MO KIO,PAYA LEBAR,138.55
MARINE PARADE,PASIR RIS,138.25000000000006
OUTRAM,JURONG EAST,138.20000000000005
JURONG WEST,WOODLANDS,137.95000000000005
QUEENSTOWN,CHOA CHU KANG,137.7500000000001
CLEMENTI,HOUGANG,135.80000000000015
PUNGGOL,TOA PAYOH,135.8
OUTRAM,BISHAN,135.60000000000005
SERANGOON,MARINE PARADE,135.00000000000009
TOA PAYOH,PASIR RIS,134.40000000000006
ORCHARD,ANG MO KIO,133.60000000000005
MARINE PARADE,WOODLANDS,133.5
BUKIT MERAH,HOUGANG,133.4500000000002
TENGAH,QUEENSTOWN,133.05
BUKIT TIMAH,OUTRAM,132.75000000000014
MARINE PARADE,BUKIT PANJANG,132.00000000000009
NEWTON,SINGAPORE RIVER,132.0
BEDOK,BISHAN,131.85000000000008
PIONEER,CHOA CHU KANG,131.10000000000002
GEYLANG,JURONG WEST,128.90000000000015
PASIR RIS,MARINE PARADE,128.80000000000004
NOVENA,MARINE PARADE,128.8
BUKIT BATOK,NOVENA,128.40000000000003
NOVENA,JURONG EAST,128.05
CHOA CHU KANG,TENGAH,127.3
PAYA LEBAR,ANG MO KIO,126.65
CHANGI,MUSEUM,126.55000000000005
CHANGI,ORCHARD,126.20000000000003
CHOA CHU KANG,ROCHOR,126.19999999999999
BISHAN,TANGLIN,125.70000000000009
KALLANG,CLEMENTI,125.20000000000016
MUSEUM,JURONG WEST,124.65000000000008
SERANGOON,MUSEUM,124.4
WOODLANDS,BUKIT MERAH,123.45000000000009
HOUGANG,OUTRAM,123.40000000000008
BEDOK,SELETAR,122.29999999999998
CHOA CHU KANG,BUKIT MERAH,122.20000000000003
CENTRAL WATER CATCHMENT,SERANGOON,121.75000000000003
CHOA CHU KANG,SINGAPORE RIVER,121.2
OUTRAM,MARINE PARADE,121.15000000000003
BUKIT BATOK,BISHAN,120.60000000000002
JURONG EAST,BISHAN,120.25000000000013
ORCHARD,SERANGOON,120.20000000000003
WOODLANDS,JURONG WEST,119.35000000000004
LIM CHU KANG,WESTERN WATER CATCHMENT,118.85000000000005
DOWNTOWN CORE,PASIR RIS,116.65000000000006
PASIR RIS,NOVENA,116.40000000000009
ROCHOR,CLEMENTI,115.50000000000003
MARINE PARADE,SINGAPORE RIVER,115.20000000000005
BUKIT MERAH,WOODLANDS,114.95000000000007
BUKIT MERAH,SERANGOON,114.80000000000015
ANG MO KIO,OUTRAM,114.75000000000003
BUKIT PANJANG,SINGAPORE RIVER,114.55000000000003
YISHUN,BUKIT TIMAH,112.70000000000006
SINGAPORE RIVER,CHOA CHU KANG,112.65
QUEENSTOWN,SERANGOON,112.35000000000014
SINGAPORE RIVER,TOA PAYOH,111.7
PASIR RIS,DOWNTOWN CORE,109.90000000000005
CLEMENTI,TENGAH,109.75000000000003
CENTRAL WATER CATCHMENT,HOUGANG,109.70000000000002
HOUGANG,QUEENSTOWN,109.45000000000019
DOWNTOWN CORE,WOODLANDS,109.4
BUKIT BATOK,SERANGOON,109.20000000000005
MUSEUM,BISHAN,109.20000000000003
CHANGI,PAYA LEBAR,109.20000000000002
NEWTON,WOODLANDS,108.80000000000003
YISHUN,QUEENSTOWN,107.90000000000005
QUEENSTOWN,MARINE PARADE,107.60000000000014
ROCHOR,SEMBAWANG,107.60000000000004
CHOA CHU KANG,LIM CHU KANG,107.40000000000003
BEDOK,CLEMENTI,107.25000000000007
BUKIT MERAH,CENTRAL WATER CATCHMENT,107.20000000000003
OUTRAM,HOUGANG,106.35000000000005
CLEMENTI,KALLANG,106.20000000000006
JURONG EAST,OUTRAM,105.55
ANG MO KIO,CLEMENTI,105.50000000000003
BISHAN,OUTRAM,105.45000000000006
CLEMENTI,BEDOK,104.45000000000012
ANG MO KIO,TANGLIN,101.95000000000003
BUKIT TIMAH,RIVER VALLEY,101.55000000000004
JURONG WEST,GEYLANG,101.1500000000001
TANGLIN,WOODLANDS,101.05000000000003
BISHAN,JURONG EAST,101.00000000000013
QUEENSTOWN,WOODLANDS,100.25000000000001
TENGAH,SUNGEI KADUT,99.55000000000003
MARINE PARADE,OUTRAM,99.30000000000005
CHANGI,SERANGOON,98.95000000000005
CENTRAL WATER CATCHMENT,BUKIT MERAH,98.05000000000001
ORCHARD,PASIR RIS,96.95000000000005
BUKIT MERAH,TAMPINES,96.45000000000009
SEMBAWANG,DOWNTOWN CORE,96.35000000000004
MARINE PARADE,TANGLIN,96.2000000000001
CENTRAL WATER CATCHMENT,QUEENSTOWN,95.90000000000002
SINGAPORE RIVER,CLEMENTI,95.75000000000006
CLEMENTI,SINGAPORE RIVER,95.45000000000003
SENGKANG,SEMBAWANG,95.05000000000001
SUNGEI KADUT,JURONG EAST,94.75000000000003
BUKIT BATOK,BOON LAY,94.09999999999998
SELETAR,BEDOK,93.44999999999999
TOA PAYOH,RIVER VALLEY,92.95000000000002
BUKIT TIMAH,BEDOK,92.70000000000012
GEYLANG,JURONG EAST,92.0000000000001
TOA PAYOH,CLEMENTI,90.20000000000002
SINGAPORE RIVER,BISHAN,89.55000000000003
PAYA LEBAR,KALLANG,89.2
BEDOK,TANGLIN,88.05000000000007
BUKIT PANJANG,MARINE PARADE,87.2
OUTRAM,BUKIT BATOK,87.15000000000003
SEMBAWANG,TAMPINES,87.05
CLEMENTI,SERANGOON,86.85000000000002
MARINE PARADE,ANG MO KIO,86.70000000000003
STRAITS VIEW,DOWNTOWN CORE,85.4
SINGAPORE RIVER,HOUGANG,85.15000000000002
TAMPINES,NEWTON,85.05000000000004
TOA PAYOH,MUSEUM,84.9
KALLANG,SEMBAWANG,84.30000000000001
SINGAPORE RIVER,MARINE PARADE,84.25000000000001
HOUGANG,CLEMENTI,83.90000000000003
MARINE PARADE,SENGKANG,83.15000000000005
PIONEER,BOON LAY,82.7
SINGAPORE RIVER,BUKIT BATOK,82.40000000000002
SUNGEI KADUT,NOVENA,81.85000000000002
MANDAI,CENTRAL WATER CATCHMENT,81.85000000000001
SEMBAWANG,ROCHOR,81.15000000000002
ANG MO KIO,CHANGI,81.05
SERANGOON,CHANGI,80.90000000000002
SERANGOON,QUEENSTOWN,80.85000000000005
TAMPINES,BUKIT MERAH,80.65000000000003
SINGAPORE RIVER,BUKIT TIMAH,80.25000000000003
ROCHOR,BUKIT BATOK,80.25000000000003
TANGLIN,BEDOK,80.10000000000005
CENTRAL WATER CATCHMENT,MANDAI,79.9
SERANGOON,TANGLIN,79.35000000000007
DOWNTOWN CORE,BUKIT PANJANG,79.14999999999999
SINGAPORE RIVER,SOUTHERN ISLANDS,78.9
ANG MO KIO,WOODLANDS,78.75000000000003
TENGAH,CLEMENTI,78.50000000000003
NOVENA,SEMBAWANG,77.45000000000003
NEWTON,CHOA CHU KANG,77.05
PASIR RIS,ORCHARD,76.75000000000001
NOVENA,MANDAI,76.05000000000001
CHOA CHU KANG,PIONEER,76.00000000000001
CENTRAL WATER CATCHMENT,CLEMENTI,75.65000000000002
BUKIT BATOK,CENTRAL WATER CATCHMENT,75.50000000000003
SEMBAWANG,SENGKANG,75.4
GEYLANG,CHOA CHU KANG,75.25000000000001
LIM CHU KANG,BUKIT PANJANG,75.25000000000001
SINGAPORE RIVER,NEWTON,74.94999999999999
OUTRAM,SERANGOON,74.85
SERANGOON,ORCHARD,74.69999999999999
DOWNTOWN CORE,MARINA SOUTH,74.1
GEYLANG,BUKIT BATOK,74.00000000000006
BISHAN,RIVER VALLEY,73.85000000000004
TOA PAYOH,YISHUN,73.2
TANGLIN,JURONG EAST,72.70000000000002
ROCHOR,MANDAI,72.55000000000001
KALLANG,CENTRAL WATER CATCHMENT,71.8
SENGKANG,ORCHARD,71.75
CHOA CHU KANG,GEYLANG,71.40000000000002
BUKIT BATOK,ANG MO KIO,71.25000000000003
SINGAPORE RIVER,ANG MO KIO,71.15
SENGKANG,MARINE PARADE,70.55
YISHUN,OUTRAM,69.89999999999999
NEWTON,QUEENSTOWN,69.85000000000001
CENTRAL WATER CATCHMENT,BUKIT BATOK,69.55000000000001
DOWNTOWN CORE,CHOA CHU KANG,69.0
CHANGI,ANG MO KIO,68.69999999999999
JURONG EAST,SUNGEI KADUT,68.55000000000001
JURONG EAST,GEYLANG,68.40000000000002
SEMBAWANG,SELETAR,68.05000000000001
BISHAN,MUSEUM,67.80000000000003
CENTRAL WATER CATCHMENT,SEMBAWANG,67.75
ANG MO KIO,ORCHARD,67.5
DOWNTOWN CORE,SEMBAWANG,67.25000000000001
SERANGOON,PAYA LEBAR,65.5
SERANGOON,BUKIT MERAH,65.5
NOVENA,JURONG WEST,65.35000000000002
TOA PAYOH,NEWTON,64.30000000000001
TANGLIN,SERANGOON,64.29999999999998
CHANGI,TOA PAYOH,63.75
ROCHOR,SENGKANG,63.65
PASIR RIS,SELETAR,63.35000000000001
WOODLANDS,KALLANG,63.05
BOON LAY,JURONG EAST,62.55000000000001
SUNGEI KADUT,LIM CHU KANG,62.1
SOUTHERN ISLANDS,SOUTHERN ISLANDS,61.650000000000006
SELETAR,PASIR RIS,61.60000000000001
KALLANG,PASIR RIS,61.400000000000006
NEWTON,OUTRAM,61.349999999999994
SUNGEI KADUT,DOWNTOWN CORE,61.250000000000014
ANG MO KIO,BUKIT BATOK,61.20000000000001
PUNGGOL,SEMBAWANG,61.000000000000014
TENGAH,WESTERN WATER CATCHMENT,60.650000000000006
MANDAI,ANG MO KIO,60.6
CHANGI BAY,TAMPINES,60.349999999999994
SUNGEI KADUT,BUKIT MERAH,60.05
ROCHOR,PASIR RIS,59.85
HOUGANG,ORCHARD,59.3
HOUGANG,TANGLIN,58.50000000000001
TOA PAYOH,SINGAPORE RIVER,57.55000000000001
CENTRAL WATER CATCHMENT,TANGLIN,57.35000000000001
BEDOK,BUKIT TIMAH,57.34999999999999
NEWTON,BISHAN,57.099999999999994
PIONEER,BUKIT PANJANG,56.949999999999996
WOODLANDS,MARINE PARADE,56.65000000000002
DOWNTOWN CORE,NEWTON,56.60000000000001
TAMPINES,BISHAN,56.45000000000001
SEMBAWANG,KALLANG,55.10000000000001
BUKIT BATOK,OUTRAM,54.90000000000001
SENGKANG,NOVENA,54.89999999999999
JURONG EAST,CENTRAL WATER CATCHMENT,54.79999999999999
TAMPINES,MUSEUM,53.94999999999999
SELETAR,SEMBAWANG,53.900000000000006
WOODLANDS,ANG MO KIO,53.75
NOVENA,PASIR RIS,53.64999999999999
PAYA LEBAR,SERANGOON,52.65
BISHAN,PUNGGOL,52.24999999999999
ROCHOR,CENTRAL WATER CATCHMENT,52.05
RIVER VALLEY,GEYLANG,51.64999999999999
OUTRAM,NEWTON,51.50000000000001
TANGLIN,BISHAN,51.099999999999994
SOUTHERN ISLANDS,ORCHARD,49.550000000000004
CENTRAL WATER CATCHMENT,NOVENA,49.25000000000001
BUKIT MERAH,SUNGEI KADUT,48.3
KALLANG,MANDAI,48.150000000000006
KALLANG,SENGKANG,48.099999999999994
JURONG WEST,BEDOK,47.9
BUKIT TIMAH,BOON LAY,47.89999999999999
SEMBAWANG,TOA PAYOH,47.3
CENTRAL WATER CATCHMENT,JURONG EAST,47.099999999999994
RIVER VALLEY,BISHAN,46.95
TANGLIN,JURONG WEST,46.79999999999998
TOA PAYOH,CHANGI,46.50000000000001
CHANGI,BISHAN,46.5
MARINE PARADE,PUNGGOL,46.19999999999999
TANGLIN,ANG MO KIO,45.84999999999999
KALLANG,JURONG EAST,45.7
OUTRAM,SOUTHERN ISLANDS,45.45000000000001
NEWTON,DOWNTOWN CORE,45.3
JURONG EAST,TANGLIN,45.05000000000001
LIM CHU KANG,SUNGEI KADUT,44.60000000000001
SERANGOON,OUTRAM,44.050000000000004
BUKIT PANJANG,PIONEER,43.85000000000001
HOUGANG,CENTRAL WATER CATCHMENT,43.50000000000001
CLEMENTI,WOODLANDS,43.39999999999999
ORCHARD,HOUGANG,43.35
SOUTHERN ISLANDS,RIVER VALLEY,42.9
NEWTON,BEDOK,42.89999999999999
SERANGOON,CLEMENTI,42.54999999999999
SEMBAWANG,MUSEUM,42.5
MUSEUM,WOODLANDS,41.550000000000004
RIVER VALLEY,BEDOK,41.49999999999998
NEWTON,BUKIT BATOK,41.449999999999974
NOVENA,SENGKANG,41.2
JURONG WEST,TANGLIN,40.749999999999986
HOUGANG,SINGAPORE RIVER,40.499999999999986
MARINE PARADE,CLEMENTI,40.24999999999999
BISHAN,NEWTON,40.050000000000004
PUNGGOL,BISHAN,39.99999999999999
NEWTON,GEYLANG,39.74999999999999
BISHAN,BUKIT BATOK,39.74999999999999
ANG MO KIO,MARINE PARADE,39.65
QUEENSTOWN,NEWTON,39.49999999999999
BISHAN,CHANGI,39.19999999999999
BUKIT BATOK,WESTERN WATER CATCHMENT,38.900000000000006
SINGAPORE RIVER,YISHUN,38.400000000000006
BISHAN,SINGAPORE RIVER,38.399999999999984
BEDOK,JURONG WEST,38.349999999999994
CHANGI,KALLANG,38.15
SEMBAWANG,NOVENA,37.64999999999999
KALLANG,PUNGGOL,37.599999999999994
RIVER VALLEY,JURONG WEST,37.55
NEWTON,SUNGEI KADUT,37.45
SUNGEI KADUT,MANDAI,37.35
NOVENA,SUNGEI KADUT,37.1
SOUTHERN ISLANDS,SINGAPORE RIVER,36.3
BUKIT MERAH,PASIR RIS,36.04999999999998
WESTERN WATER CATCHMENT,LIM CHU KANG,35.849999999999994
PASIR RIS,KALLANG,34.24999999999997
MUSEUM,PASIR RIS,34.04999999999999
SERANGOON,JURONG EAST,33.85
SINGAPORE RIVER,SERANGOON,33.64999999999999
WOODLANDS,QUEENSTOWN,33.09999999999999
CHOA CHU KANG,BEDOK,32.84999999999998
YISHUN,TANGLIN,32.599999999999994
BEDOK,JURONG EAST,32.499999999999986
JURONG EAST,SINGAPORE RIVER,32.249999999999986
JURONG EAST,NOVENA,31.799999999999986
TANGLIN,MARINE PARADE,31.74999999999999
JURONG EAST,SERANGOON,31.449999999999992
ANG MO KIO,SINGAPORE RIVER,31.05
BUKIT BATOK,YISHUN,30.699999999999992
JURONG WEST,BISHAN,30.29999999999999
QUEENSTOWN,BOON LAY,30.249999999999993
WOODLANDS,CLEMENTI,30.099999999999994
JURONG EAST,ROCHOR,29.949999999999996
JURONG WEST,NOVENA,29.449999999999996
JURONG WEST,CENTRAL WATER CATCHMENT,29.249999999999996
BUKIT PANJANG,BOON LAY,29.099999999999994
CHOA CHU KANG,TOA PAYOH,28.599999999999998
PUNGGOL,MARINE PARADE,27.999999999999996
SUNGEI KADUT,QUEENSTOWN,27.650000000000002
OUTRAM,TAMPINES,27.649999999999995
SINGAPORE RIVER,TAMPINES,27.549999999999997
PIONEER,JURONG EAST,27.5
RIVER VALLEY,JURONG EAST,27.3
CHANGI,RIVER VALLEY,27.050000000000004
OUTRAM,WOODLANDS,27.049999999999994
QUEENSTOWN,SUNGEI KADUT,27.04999999999999
TAMPINES,OUTRAM,26.65
RIVER VALLEY,TOA PAYOH,26.649999999999995
OUTRAM,PASIR RIS,26.549999999999997
CHANGI,OUTRAM,26.549999999999994
KALLANG,CHANGI,26.4
BUKIT BATOK,SINGAPORE RIVER,25.949999999999996
DOWNTOWN CORE,STRAITS VIEW,25.9
ORCHARD,CENTRAL WATER CATCHMENT,25.750000000000004
TANGLIN,SUNGEI KADUT,25.199999999999992
SENGKANG,KALLANG,25.14999999999999
CENTRAL WATER CATCHMENT,JURONG WEST,25.099999999999998
OUTSIDE MP2019,SUNGEI KADUT,24.700000000000003
BEDOK,CHOA CHU KANG,23.84999999999999
DOWNTOWN CORE,MANDAI,23.74999999999999
JURONG EAST,KALLANG,23.39999999999999
MUSEUM,SOUTHERN ISLANDS,23.2
LIM CHU KANG,WOODLANDS,23.199999999999996
PASIR RIS,NEWTON,22.95
ORCHARD,SEMBAWANG,22.799999999999997
YISHUN,BUKIT BATOK,22.349999999999998
MARINE PARADE,BISHAN,22.3
TANGLIN,SOUTHERN ISLANDS,22.250000000000004
TAMPINES,SINGAPORE RIVER,22.249999999999993
NEWTON,TAMPINES,22.199999999999992
SERANGOON,CENTRAL WATER CATCHMENT,22.099999999999998
PAYA LEBAR,NOVENA,21.849999999999998
SERANGOON,RIVER VALLEY,21.500000000000004
OUTRAM,SENGKANG,21.349999999999994
ORCHARD,MANDAI,21.249999999999996
RIVER VALLEY,MARINE PARADE,21.099999999999998
MARINE PARADE,BUKIT TIMAH,20.95
JURONG WEST,OUTRAM,20.9
BUKIT PANJANG,RIVER VALLEY,20.799999999999997
TAMPINES,QUEENSTOWN,20.799999999999997
SUNGEI KADUT,TANGLIN,20.499999999999996
JURONG EAST,BEDOK,20.349999999999998
GEYLANG,CENTRAL WATER CATCHMENT,20.15
DOWNTOWN CORE,CENTRAL WATER CATCHMENT,20.05
CENTRAL WATER CATCHMENT,BEDOK,20.05
SENGKANG,MUSEUM,20.0
SINGAPORE RIVER,JURONG EAST,19.799999999999994
SINGAPORE RIVER,PASIR RIS,19.75
QUEENSTOWN,TAMPINES,19.549999999999997
BUKIT TIMAH,MARINE PARADE,19.549999999999994
HOUGANG,SELETAR,19.299999999999997
SINGAPORE RIVER,JURONG WEST,18.900000000000002
PASIR RIS,OUTRAM,18.849999999999998
TUAS,WESTERN WATER CATCHMENT,18.450000000000003
YISHUN,ORCHARD,18.4
CHOA CHU KANG,NEWTON,18.349999999999998
BUKIT PANJANG,LIM CHU KANG,18.249999999999996
ORCHARD,SENGKANG,18.2
BISHAN,PAYA LEBAR,17.6
TANGLIN,CHANGI,17.45
SENGKANG,NEWTON,17.350000000000005
PASIR RIS,BUKIT MERAH,17.049999999999997
SUNGEI KADUT,KALLANG,16.75
MARINE PARADE,JURONG EAST,16.749999999999996
MUSEUM,CENTRAL WATER CATCHMENT,16.7
WOODLANDS,LIM CHU KANG,16.549999999999997
BEDOK,BUKIT BATOK,16.5
GEYLANG,BOON LAY,16.049999999999997
NOVENA,BOON LAY,15.649999999999999
CLEMENTI,MARINE PARADE,15.5
KALLANG,JURONG WEST,15.35
JURONG EAST,PIONEER,15.35
MUSEUM,SEMBAWANG,14.900000000000002
BUKIT PANJANG,ANG MO KIO,14.700000000000003
YISHUN,SINGAPORE RIVER,14.65
OUTRAM,CHANGI,14.549999999999999
SENGKANG,CLEMENTI,14.549999999999997
NEWTON,ANG MO KIO,14.35
CHANGI,MANDAI,14.349999999999998
CLEMENTI,SENGKANG,14.199999999999998
MARINA SOUTH,STRAITS VIEW,14.0
TAMPINES,CHOA CHU KANG,13.9
NEWTON,SERANGOON,13.65
MUSEUM,SENGKANG,13.599999999999996
TENGAH,TOA PAYOH,13.499999999999998
CHANGI,NOVENA,13.149999999999999
BUKIT TIMAH,SENGKANG,13.1
BUKIT MERAH,SENGKANG,13.1
TANGLIN,TAMPINES,12.850000000000001
MARINA SOUTH,DOWNTOWN CORE,12.799999999999999
CHANGI,BUKIT MERAH,12.7
SUNGEI KADUT,JURONG WEST,12.65
WOODLANDS,OUTRAM,12.600000000000001
ANG MO KIO,RIVER VALLEY,12.450000000000001
WOODLANDS,TANGLIN,12.35
PUNGGOL,KALLANG,12.1
BUKIT MERAH,BOON LAY,12.000000000000002
PIONEER,CLEMENTI,11.6
CHOA CHU KANG,TAMPINES,11.400000000000002
CLEMENTI,NEWTON,11.15
TANGLIN,HOUGANG,11.000000000000002
NEWTON,CLEMENTI,10.900000000000002
ORCHARD,YISHUN,10.800000000000002
CHOA CHU KANG,MANDAI,10.75
JURONG WEST,SUNGEI KADUT,10.55
JURONG WEST,KALLANG,10.399999999999999
BUKIT PANJANG,BISHAN,10.250000000000002
TENGAH,TANGLIN,10.2
TANGLIN,CENTRAL WATER CATCHMENT,10.149999999999999
CENTRAL WATER CATCHMENT,SENGKANG,9.999999999999998
MUSEUM,SUNGEI KADUT,9.700000000000001
ORCHARD,PUNGGOL,9.700000000000001
PASIR RIS,MUSEUM,9.7
NEWTON,SENGKANG,9.65
SUNGEI KADUT,OUTSIDE MP2019,9.549999999999999
PUNGGOL,ORCHARD,9.450000000000001
TAMPINES,RIVER VALLEY,9.399999999999999
WOODLANDS,CHOA CHU KANG,9.300000000000002
BUKIT PANJANG,CENTRAL WATER CATCHMENT,9.299999999999999
CHANGI BAY,CHANGI,9.15
BUKIT PANJANG,TENGAH,9.100000000000001
NEWTON,PASIR RIS,9.1
SEMBAWANG,ORCHARD,9.1
SINGAPORE RIVER,SENGKANG,9.000000000000002
MARINA SOUTH,MARINA SOUTH,8.85
SENGKANG,BUKIT MERAH,8.8
JURONG EAST,HOUGANG,8.75
DOWNTOWN CORE,SUNGEI KADUT,8.6
ROCHOR,JURONG EAST,8.549999999999999
CHANGI,ROCHOR,8.45
ROCHOR,CHANGI,8.4
SERANGOON,NEWTON,8.35
SOUTHERN ISLANDS,TANGLIN,8.250000000000002
BUKIT MERAH,CHANGI,7.8500000000000005
CLEMENTI,PIONEER,7.500000000000001
LIM CHU KANG,LIM CHU KANG,7.350000000000001
PUNGGOL,MUSEUM,7.15
HOUGANG,NEWTON,6.999999999999999
TAMPINES,BUKIT BATOK,6.8999999999999995
ANG MO KIO,NEWTON,6.8500000000000005
BUKIT BATOK,PIONEER,6.85
TAMPINES,BUKIT TIMAH,6.750000000000003
SINGAPORE RIVER,CHANGI,6.6
BUKIT TIMAH,TAMPINES,6.450000000000001
OUTRAM,CENTRAL WATER CATCHMENT,6.35
BUKIT PANJANG,TAMPINES,6.349999999999999
CHANGI,SINGAPORE RIVER,6.250000000000001
SERANGOON,SINGAPORE RIVER,6.2
JURONG EAST,NEWTON,6.150000000000001
NEWTON,CENTRAL WATER CATCHMENT,6.050000000000001
MUSEUM,MANDAI,6.000000000000001
NEWTON,JURONG EAST,5.95
PASIR RIS,SINGAPORE RIVER,5.8500000000000005
BUKIT MERAH,SEMBAWANG,5.800000000000001
JURONG WEST,SINGAPORE RIVER,5.8
TAMPINES,TANGLIN,5.750000000000001
SUNGEI KADUT,BOON LAY,5.7
MUSEUM,PUNGGOL,5.550000000000001
HOUGANG,JURONG EAST,5.500000000000001
SELETAR,MANDAI,5.449999999999999
CHANGI,CHANGI BAY,5.449999999999999
SOUTHERN ISLANDS,MUSEUM,5.300000000000001
OUTRAM,JURONG WEST,5.3
BISHAN,MARINE PARADE,5.25
SEMBAWANG,BUKIT MERAH,5.25
RIVER VALLEY,TAMPINES,5.100000000000001
BEDOK,PUNGGOL,5.1000000000000005
RIVER VALLEY,CHANGI,5.0
BUKIT BATOK,GEYLANG,4.7
MARINE PARADE,JURONG WEST,4.65
OUTRAM,SUNGEI KADUT,4.6000000000000005
TANGLIN,BOON LAY,4.6000000000000005
SENGKANG,ROCHOR,4.550000000000001
SENGKANG,BUKIT TIMAH,4.5
TENGAH,ORCHARD,4.5
CENTRAL WATER CATCHMENT,GEYLANG,4.250000000000001
NEWTON,SEMBAWANG,3.9000000000000012
SUNGEI KADUT,OUTRAM,3.8000000000000003
TANGLIN,PASIR RIS,3.500000000000001
WOODLANDS,BOON LAY,3.5000000000000004
SENGKANG,OUTRAM,3.4999999999999996
NEWTON,MANDAI,3.4499999999999997
TENGAH,SERANGOON,3.4
PASIR RIS,RIVER VALLEY,3.35
YISHUN,NEWTON,3.3000000000000003
PASIR RIS,ROCHOR,3.25
BEDOK,BUKIT PANJANG,2.95
SINGAPORE RIVER,WOODLANDS,2.9
BEDOK,BOON LAY,2.9
CLEMENTI,RIVER VALLEY,2.7500000000000004
NEWTON,HOUGANG,2.75
CHANGI,TANGLIN,2.7
BUKIT MERAH,MANDAI,2.6500000000000004
KALLANG,BOON LAY,2.5999999999999996
SUNGEI KADUT,SINGAPORE RIVER,2.5999999999999996
SINGAPORE RIVER,CENTRAL WATER CATCHMENT,2.5
HOUGANG,RIVER VALLEY,2.4
KALLANG,SUNGEI KADUT,2.35
PUNGGOL,NEWTON,2.3499999999999996
SENGKANG,TANGLIN,2.25
BUKIT BATOK,BEDOK,2.1499999999999995
JURONG EAST,MARINE PARADE,2.1
WOODLANDS,SINGAPORE RIVER,2.05
QUEENSTOWN,SOUTHERN ISLANDS,1.9
RIVER VALLEY,PASIR RIS,1.9
BUKIT BATOK,ROCHOR,1.85
TENGAH,CENTRAL WATER CATCHMENT,1.5000000000000002
NEWTON,PUNGGOL,1.5
SEMBAWANG,NEWTON,1.4000000000000001
MARINE PARADE,BOON LAY,1.4000000000000001
TENGAH,LIM CHU KANG,1.3000000000000003
BISHAN,WOODLANDS,1.25
NOVENA,PUNGGOL,1.1
BOON LAY,TUAS,1.05
SENGKANG,SINGAPORE RIVER,1.0
OUTRAM,SEMBAWANG,1.0
NEWTON,YISHUN,0.9500000000000001
BUKIT BATOK,LIM CHU KANG,0.8999999999999999
SINGAPORE RIVER,SUNGEI KADUT,0.7500000000000001
MANDAI,SUNGEI KADUT,0.75
BUKIT TIMAH,SOUTHERN ISLANDS,0.75
CHANGI,NEWTON,0.7000000000000001
BUKIT TIMAH,NEWTON,0.6000000000000002
TENGAH,BISHAN,0.6000000000000001
PUNGGOL,WOODLANDS,0.6000000000000001
PUNGGOL,PAYA LEBAR,0.6
PIONEER,BUKIT BATOK,0.55
SENGKANG,PAYA LEBAR,0.5
TOA PAYOH,WOODLANDS,0.5
PUNGGOL,NOVENA,0.5
OUTSIDE MP2019,BUKIT BATOK,0.45
OUTRAM,MANDAI,0.45
TENGAH,MUSEUM,0.44999999999999996
PIONEER,WESTERN WATER CATCHMENT,0.44999999999999996
OUTSIDE MP2019,JURONG EAST,0.4
SOUTHERN ISLANDS,QUEENSTOWN,0.4
OUTSIDE MP2019,BUKIT PANJANG,0.35
TENGAH,OUTRAM,0.30000000000000004
TOA PAYOH,BUKIT PANJANG,0.2
OUTSIDE MP2019,BUKIT TIMAH,0.15000000000000002
BEDOK,CHANGI BAY,0.1
BUKIT BATOK,OUTSIDE MP2019,0.1
CHOA CHU KANG,OUTSIDE MP2019,0.1
PASIR RIS,PAYA LEBAR,0.1
CENTRAL WATER CATCHMENT,WOODLANDS,0.1
JURONG EAST,OUTSIDE MP2019,0.05
TENGAH,OUTSIDE MP2019,0.05
SEMBAWANG,MANDAI,0.05
WOODLANDS,MANDAI,0.05
OUTSIDE MP2019,NOVENA,0.05
MANDAI,CHOA CHU KANG,0.05
TAMPINES,BUKIT PANJANG,0.05
