o,o_name,d,d_name,trips_per_weekday,am_peak_trips
46101,W'lands Checkpt,46211,Johor Bahru Checkpt,22383.150000000005,1777.4
46219,Johor Bahru Checkpt,46109,W'lands Checkpt,16695.45,2515.6
46109,W'lands Checkpt,45139,Kranji Stn,10047.85,2125.7
45139,Kranji Stn,46101,W'lands Checkpt,7384.699999999999,776.95
47009,Woodlands Temp Int,46101,W'lands Checkpt,6098.950000000001,634.4
46069,W'lands Train Checkpt,46009,Woodlands Int,5289.249999999999,982.9
46008,Woodlands Int,46069,W'lands Train Checkpt,3921.3499999999995,352.85
53389,Opp Bishan Nth Shop Mall,53231,Bishan Stn,3293.2,954.75
55509,Yio Chu Kang Int,54481,ITE Coll Ctrl,3175.2000000000003,1665.6
46009,Woodlands Int,46069,W'lands Train Checkpt,3117.55,160.0
63059,Blk 22,63039,Kovan Stn Exit C,2841.8,857.4
54489,Opp ITE Coll Ctrl,55509,Yio Chu Kang Int,2721.5,89.75
59181,Opp Blk 245,59072,Yishun Stn Exit E,2662.45,897.4499999999999
46109,W'lands Checkpt,47009,Woodlands Temp Int,2481.25,307.9
28091,Lakeside Stn,21449,Boon Lay Shop Ctr,2411.8,145.9
44009,Choa Chu Kang Int,44621,Opp Concord Pr Sch,2405.2499999999995,83.94999999999999
44509,Blk 442,44009,Choa Chu Kang Int,2262.2,569.4
46109,W'lands Checkpt,46521,Marsiling Stn,2243.35,523.05
44629,Blk 457,44009,Choa Chu Kang Int,2198.5999999999995,702.85
47619,Blk 688 CP,46779,Admiralty Stn,2165.9,806.7
53009,Bishan Int,53381,Bishan Nth Shop Mall,2116.8,48.900000000000006
27211,Lee Wee Nam Lib,22529,Pioneer Stn Exit B,2093.45,11.6
45321,Yew Tee Stn,45421,Blk 689A,2064.65,62.55
45421,Blk 689A,45329,Opp Yew Tee Stn,2063.2999999999997,744.5999999999999
17041,Blk 726 Clementi West Mkt,17171,Clementi Stn Exit A/Mall,2049.5000000000005,361.85
59009,Yishun Int,59469,Blk 419,2036.1000000000001,67.6
53281,Blk 169,53009,Bishan Int,2021.9,617.05
52331,Blk 27,52009,Toa Payoh Int,1957.05,600.5999999999999
22009,Boon Lay Int,27211,Lee Wee Nam Lib,1955.3000000000002,589.75
46189,Blk 12,46009,Woodlands Int,1947.4499999999998,592.75
44009,Choa Chu Kang Int,44501,Blk 426,1880.1999999999996,289.25
46799,Blk 786A CP,46779,Admiralty Stn,1866.6499999999999,611.2
58351,Blk 483,58251,Sun Plaza/ Sembawang Stn,1855.55,627.9
17009,Clementi Int,17201,Blk 308,1827.3,79.5
17179,Clementi Stn Exit B,12091,SIM Campus,1793.0499999999997,526.9000000000001
22599,Blk 678D,22009,Boon Lay Int,1790.3499999999995,641.05
63031,Kovan Stn Exit B,63051,Opp Blk 370,1773.6500000000003,461.75
58259,Opp Sun Plaza,58359,Opp Blk 484A CP,1754.6000000000001,136.35
17201,Blk 308,17009,Clementi Int,1752.7,462.55
53239,Opp Bishan Stn,53381,Bishan Nth Shop Mall,1748.4000000000003,157.05
12091,SIM Campus,42059,Opp King Albert Pk Stn,1721.1000000000001,9.2
54261,Aft Ang Mo Kio Stn Exit A,66331,Blk 554,1673.6500000000003,391.1
77009,Pasir Ris Int,77201,Pasir Ris Elias CC,1673.25,156.8
52009,Toa Payoh Int,52339,Opp Blk 26,1671.55,69.6
46009,Woodlands Int,65199,Aft Punggol Rd,1655.7499999999998,220.8
45321,Yew Tee Stn,45411,Opp Blk 670,1654.3,66.6
52481,Toa Payoh Polyclinic,52009,Toa Payoh Int,1623.7000000000003,268.85
27279,Blk 953,22529,Pioneer Stn Exit B,1623.5,520.45
53009,Bishan Int,53289,Zion Bible Presby Ch,1615.8999999999999,98.35
21591,Opp Blk 117,28091,Lakeside Stn,1606.6999999999998,477.15
